month,id,rate,pe,mom,vol,ret_fwd,up
1,1,0.0,8.691998415401518,-1.1700647083677906,1.0216495414763582,0.013718982282452908,1
1,2,0.0,22.149692633443536,-1.0598381318745174,0.6529643597776861,-0.08982030370160209,0
1,3,0.0,14.217623375852973,0.28367219375571073,0.9664695669671806,-0.0828514602398205,0
1,4,0.0,11.631204250064712,-0.778091185518006,1.3021322187920643,-0.021702648952625362,0
1,5,0.0,11.804699497838975,-1.2510397569589418,0.9300961388228688,0.017623030207122407,1
1,6,0.0,14.693193361898135,0.08895265960083637,0.7692956076973356,0.026355521601433854,1
1,7,0.0,13.036075387150284,0.361634606794935,0.9837332682841646,-0.1659769663677977,0
1,8,0.0,26.44954973657289,-0.16255997706830438,0.9915036080658829,0.031432481251707924,1
1,9,0.0,11.409094260597021,-1.333824544872329,1.3076061740908873,-0.05933995192035771,0
1,10,0.0,15.163038715784852,1.11076598502373,1.4011907881521426,0.07011711388255111,1
1,11,0.0,15.140249477928196,-0.08148127811858995,1.4244454227427537,0.050656934018249125,1
1,12,0.0,15.141360613698689,1.3923617657669816,1.014426977608764,-0.04590793066307253,0
1,13,0.0,15.276729309763544,-0.13579257485716728,1.6996835899985392,0.022090939897536938,1
1,14,0.0,12.592185709050254,0.9044495678231469,0.5509089440120605,0.017619135994813538,1
1,15,0.0,12.082962497679405,-1.6872849399671828,1.2149273832547616,-0.11144173313991777,0
1,16,0.0,10.689197489643579,-0.3924927871019828,0.9076313956070506,-0.02391252472821635,0
1,17,0.0,7.559126933742048,-0.47940089484530707,0.5893261869272557,-0.06524625066274711,0
1,18,0.0,16.08153416554606,1.7354108230501626,0.7509592489186544,-0.0009278639732481077,0
1,19,0.0,19.92188175347938,-0.5980998088726244,1.0741692896894763,0.009473361476228783,1
1,20,0.0,12.28457929493686,-1.2650380993698709,1.0803603427624398,-0.01799028525994441,0
1,21,0.0,12.206924804781078,-0.5641638279686274,0.8880239909868134,0.04390999625254043,1
1,22,0.0,13.417585853386763,-0.7807358345767783,1.080703611658336,0.026593962428286776,1
1,23,0.0,12.696801293805478,-0.057423017753359486,0.8497058825533458,0.022096996061175444,1
1,24,0.0,7.818651254875278,-1.0237853943188435,1.2277350709573909,-0.04498747335541381,0
1,25,0.0,21.825540160184595,-0.9831238024889111,1.1010850661323919,-0.0453419845581622,0
1,26,0.0,17.19499943778733,0.7196713819651418,0.7201554361335645,-0.008884387515330331,0
1,27,0.0,11.441524864009839,-2.2876889960650746,1.0576651861399924,-0.1280566613132457,0
1,28,0.0,16.485858807699255,0.6874458416283259,1.285613011704689,0.06405940034321564,1
1,29,0.0,12.80771363692134,0.9357643288577034,0.8101807075097976,-0.09570847310559534,0
1,30,0.0,13.9418128331266,0.9313799979581813,0.6557491522248261,0.056139395170098916,1
1,31,0.0,16.819819157895573,-1.6843106428687924,0.8708113751158797,-0.07269896792364272,0
1,32,0.0,19.764822459872672,-1.5068773380377312,1.2146769292318587,-0.093055379461713,0
1,33,0.0,22.597620646206387,-0.15933353003503048,0.8746441235803054,0.010622296802248427,1
1,34,0.0,23.51954724474519,0.02703981907616904,1.2284291036236927,0.03230065964373385,1
1,35,0.0,13.755706462845287,-1.5967067052369857,0.6250629335556414,-0.019622035003358747,0
1,36,0.0,12.501257044332451,1.0787571282023816,0.7503245291315833,-0.0018658674749743697,0
1,37,0.0,15.49798750961009,1.660556182113409,1.1418273578778808,-0.05948016812576676,0
1,38,0.0,15.641716061441564,-0.6578757724619958,1.0891452927059473,-0.007199190470440171,0
1,39,0.0,11.3288905377757,-0.3747809540873004,0.9238333608640557,-0.049090314488550446,0
1,40,0.0,11.897623558826185,1.7723450308929962,0.8243283832025738,-0.0032849989896764345,0
2,1,-0.5934728102087103,19.06636860210424,0.30215867738983937,1.3080084428664975,-0.008329779612699427,0
2,2,-0.5934728102087103,23.209005068703803,0.2876259924234804,0.9291421504511886,0.039882778263658686,1
2,3,-0.5934728102087103,13.86749575810414,0.16492693857818727,1.6105104477669103,0.05240901500487164,1
2,4,-0.5934728102087103,11.760173945023304,-2.0302394040536256,0.9965860100738124,0.022916473222281245,1
2,5,-0.5934728102087103,13.583143966879051,-1.0423263123719875,1.0070279004954255,-0.005762580479245327,0
2,6,-0.5934728102087103,10.02434320014978,1.298365589869183,0.8602398579666948,-0.07919183437730333,0
2,7,-0.5934728102087103,13.63564115105346,-1.17179996409418,1.400548621625095,0.05898332259121382,1
2,8,-0.5934728102087103,17.11222070733877,1.0759657139341605,0.6673277215070254,-0.02885402491397967,0
2,9,-0.5934728102087103,14.593285192053225,0.6151077438728239,1.2609996719214955,-0.04082701076551084,0
2,10,-0.5934728102087103,21.17288798530803,-0.9047675072062269,0.897377790878349,-0.03836737550478904,0
2,11,-0.5934728102087103,15.75444016110217,0.7494954791566567,0.7003698638626524,-0.03903728703544082,0
2,12,-0.5934728102087103,17.405597636671118,0.5110467941024153,1.0650575786549363,0.004887560290895434,1
2,13,-0.5934728102087103,14.256212337952535,1.9007645089575194,0.7693268168100901,-0.017785404151665712,0
2,14,-0.5934728102087103,21.578328532801777,0.1527160712297633,1.4910018641199787,0.0494406419554845,1
2,15,-0.5934728102087103,8.888271988967142,0.14897956257419823,0.8424013086112059,-0.06851392115061798,0
2,16,-0.5934728102087103,13.482043298498851,-1.1215112855130498,0.7143713664001694,-0.03990824189092764,0
2,17,-0.5934728102087103,9.131556621599042,1.9256125935076778,0.6892164689869673,-0.11863678601144344,0
2,18,-0.5934728102087103,19.13136753505844,-2.213588354949047,1.5993397135155538,-0.0162230081837967,0
2,19,-0.5934728102087103,19.25161144811512,0.120205772806097,1.0675086587813352,0.07440578518946582,1
2,20,-0.5934728102087103,12.421162034933664,0.36509240359537726,0.8685790952359054,-0.0296994973221111,0
2,21,-0.5934728102087103,23.29056659151744,0.42941075312733645,1.231924070662835,-0.03411721868746503,0
2,22,-0.5934728102087103,13.51368702180373,0.4465830521436085,0.9835936603728581,-0.02574053526762546,0
2,23,-0.5934728102087103,8.083114400258136,-0.07921873825577205,0.9876045436907414,0.04581634054956505,1
2,24,-0.5934728102087103,13.593977475819111,1.6242449670228447,1.3463390930171597,0.057440368787515746,1
2,25,-0.5934728102087103,16.800102549705375,1.148968642552196,1.2510218983302726,-0.08101863350176672,0
2,26,-0.5934728102087103,13.828039925364653,0.9890297228846234,0.6168342568783097,0.021680259333070433,1
2,27,-0.5934728102087103,26.327602999336047,2.4428132246220446,1.0175072842510353,0.08720673300358833,1
2,28,-0.5934728102087103,19.276933253899703,-0.6954792688812168,1.3038383616871663,-0.05270921790987886,0
2,29,-0.5934728102087103,23.656397193614144,-0.21265956429489213,1.103514735945836,-0.03935694038423747,0
2,30,-0.5934728102087103,21.929427215454716,0.18399910057411448,1.0493746672647852,-0.06381059134450127,0
2,31,-0.5934728102087103,6.571076608156216,-1.3559549118272083,0.5344755936584822,-0.03838692572477092,0
2,32,-0.5934728102087103,13.111206966674251,1.2078758784608108,1.3862421778533258,-0.07587493097554683,0
2,33,-0.5934728102087103,1.3575715656357712,-0.42252642828927445,0.8141107199270986,0.01793429564356622,1
2,34,-0.5934728102087103,11.768016320465202,0.10451920044385313,1.007376714782782,-0.03710154802351297,0
2,35,-0.5934728102087103,20.57552127891857,0.40011906277920073,1.2945872826975915,0.0004208293920854164,1
2,36,-0.5934728102087103,10.783944520302862,-0.016802597737152515,1.3845683784228393,-0.027856066718043686,0
2,37,-0.5934728102087103,11.816557810169106,-0.9840228215586994,0.7929226404886526,-0.037979048786631206,0
2,38,-0.5934728102087103,16.630670837631815,0.31821221194131777,1.1422635655847917,0.092701747495404,1
2,39,-0.5934728102087103,18.93658250595169,-1.1366822175321127,0.8811923342433243,-0.054034129282010276,0
2,40,-0.5934728102087103,13.218433079339729,0.027615640568375704,0.9800857858263612,-0.023869848292840792,0
3,1,-0.6954502390476982,13.72093912279927,-0.41869459630725886,1.0293212238194165,-0.026430259418757197,0
3,2,-0.6954502390476982,19.044908512513214,0.5834190815782284,1.3967370034136763,0.019985757113756716,1
3,3,-0.6954502390476982,16.270293424320865,0.5307486640122373,0.8770019507968235,-0.04359184418916541,0
3,4,-0.6954502390476982,13.573566144430481,-0.2943469477009607,1.633848008110883,0.04632256919937512,1
3,5,-0.6954502390476982,16.57251746127444,0.6238602394347081,1.1193530628690718,0.04506175795328121,1
3,6,-0.6954502390476982,15.380607540751777,0.6900999315951117,0.49860924629191844,0.02023799643117829,1
3,7,-0.6954502390476982,16.273164617494864,0.6507631411029443,0.991815542059008,-0.041090340024227255,0
3,8,-0.6954502390476982,25.00615590901331,-1.4495966074671116,0.6008091754767665,-0.052818262083246095,0
3,9,-0.6954502390476982,13.473960381623062,-2.5696727335730745,1.1151613805653973,-0.15093278351637365,0
3,10,-0.6954502390476982,12.301185710267708,-0.07567201036750378,1.0072755508334226,-0.0609407854125446,0
3,11,-0.6954502390476982,22.0681539705488,-2.2630674445249634,1.0106804106899354,0.04710324215817997,1
3,12,-0.6954502390476982,11.471496779607051,0.30288309677363434,1.9643035640460722,0.014073973908941459,1
3,13,-0.6954502390476982,23.59944737838624,-1.526191711077791,0.8944896834642917,0.06947053464543765,1
3,14,-0.6954502390476982,14.02901096894021,0.4183045989984366,1.1436705783829475,0.01640041203083517,1
3,15,-0.6954502390476982,15.369197590221344,-1.185504952020294,2.5827700339923663,-0.02750502570355874,0
3,16,-0.6954502390476982,18.668141405704358,-2.051935223012458,1.4070387008566372,-0.025236604550180092,0
3,17,-0.6954502390476982,21.0655484770655,-2.021433016775556,1.1008552603575308,-0.017800967061754425,0
3,18,-0.6954502390476982,19.984993258339472,0.18407975667167983,1.173820969091808,-0.09549309408997411,0
3,19,-0.6954502390476982,13.9818232237212,-2.0745593781628346,0.9551545269605418,-0.0033989980250728694,0
3,20,-0.6954502390476982,13.167855822510774,0.5875436819110238,1.300439621746728,0.04781135423309194,1
3,21,-0.6954502390476982,16.737363230274926,0.20005568332235454,0.709768562508084,0.033516212794195796,1
3,22,-0.6954502390476982,15.673595361156794,1.4182119367696864,1.0625026035046505,-0.04160415570274479,0
3,23,-0.6954502390476982,11.788634463848172,1.351922396735068,0.8145939111794013,0.013665038868687172,1
3,24,-0.6954502390476982,17.05364037420252,1.4645263612142263,1.166209655491198,0.0015704789637055287,1
3,25,-0.6954502390476982,19.970598100807372,-1.193637951056452,1.508434619413555,0.027944748554124973,1
3,26,-0.6954502390476982,15.832533524869328,-0.4657831749168138,0.6807072919521889,-0.02087068191633303,0
3,27,-0.6954502390476982,22.819998585254872,0.7804304846442311,1.023759022788365,0.024609704129613694,1
3,28,-0.6954502390476982,17.051510646372083,-0.518428225817228,1.1554994754541,-0.10505656044858434,0
3,29,-0.6954502390476982,14.220934995968664,0.12267083589869875,0.8430238034140749,-0.028070270741562372,0
3,30,-0.6954502390476982,15.501074449657095,-1.35998712498684,1.070593504441692,0.04245484885414938,1
3,31,-0.6954502390476982,12.199450664158709,0.496672720230645,1.2738859093014114,-0.04262629610930663,0
3,32,-0.6954502390476982,9.843510159365033,0.02062675865726689,1.0927892758897215,0.06354500157990361,1
3,33,-0.6954502390476982,17.382642556665054,-1.1062721696073359,0.8772795918283908,-0.035056776034686,0
3,34,-0.6954502390476982,10.733748412195368,1.2999301032291284,1.3694182291873531,-0.14592123581914276,0
3,35,-0.6954502390476982,13.208540138350989,-1.1742148154877814,1.6462502691955572,0.025812902819260387,1
3,36,-0.6954502390476982,14.553999731475255,0.5723018878512816,1.06880226109882,-0.05164700888041249,0
3,37,-0.6954502390476982,16.92552087091204,1.1370762145587259,1.405339842759398,0.023038057841743044,1
3,38,-0.6954502390476982,17.30580993305465,-0.04120359933984636,1.1201108063316347,0.05890533262544127,1
3,39,-0.6954502390476982,15.27111771413881,-0.08613917274667778,0.6937555279003568,0.01262630100696779,1
3,40,-0.6954502390476982,5.343461729759599,1.0469902778087685,1.3054971005230336,0.004932413411842385,1
4,1,0.2163949655353904,13.9670365082996,1.3724690492785185,1.4382020621365583,0.017669805809431293,1
4,2,0.2163949655353904,11.122302950464453,-0.08650152985431522,1.4878113942782496,-0.04762935775281662,0
4,3,0.2163949655353904,14.443262239669847,-0.6598904411753358,0.9814516135542402,0.07524801457803333,1
4,4,0.2163949655353904,19.956630813353428,-1.1682466913852572,2.283504903083485,0.0976028906322661,1
4,5,0.2163949655353904,19.024121456374097,-0.7044879214088364,1.22905144208241,0.04601656987404855,1
4,6,0.2163949655353904,16.101651340276636,1.5646122685506272,1.0200580239330264,-0.058414305341341316,0
4,7,0.2163949655353904,17.528798987063052,-1.8323260078668306,0.701973616111415,-0.006588926670824788,0
4,8,0.2163949655353904,7.557958996326449,-0.7227439681861035,0.7803048887243393,-0.07718518133879229,0
4,9,0.2163949655353904,15.974337328461385,-1.440386567628199,0.8367629094027786,-0.07329203889589134,0
4,10,0.2163949655353904,18.122553894744804,-0.9994551396008856,0.6904252089790255,-0.030831279835592827,0
4,11,0.2163949655353904,11.46936356956607,0.07110424191533836,1.7047642989863283,0.0008685204879513419,1
4,12,0.2163949655353904,17.024938009545583,-0.11272092897122697,1.2730064141879724,-0.020346735169313755,0
4,13,0.2163949655353904,13.095868743454826,-0.4559346467864371,0.5350885906123752,0.012410669176520997,1
4,14,0.2163949655353904,20.00253375678361,0.042773956140126954,1.0227454486664815,0.0250169787398751,1
4,15,0.2163949655353904,20.54209393030948,0.1778211228065628,1.1002653739864345,0.014364164573468933,1
4,16,0.2163949655353904,12.326084531714784,-1.620673037443094,1.0214691889949792,-0.005785249918865722,0
4,17,0.2163949655353904,22.314612945724317,0.10174763855210514,2.309305425522332,-0.017507642544217987,0
4,18,0.2163949655353904,14.049598516172672,-0.822979657864352,0.8231888952455112,0.08298074608119257,1
4,19,0.2163949655353904,25.30972279083567,-0.6953342531769674,1.6658872007442544,0.00046565133714661713,1
4,20,0.2163949655353904,12.542228925679265,-0.6253591646253164,0.9750681696454098,0.0339722138550449,1
4,21,0.2163949655353904,15.31878157020276,-1.3222216108290956,1.9841956513085255,-0.06066766588961729,0
4,22,0.2163949655353904,16.065947091253435,-1.8942455317739046,0.409556030957226,-0.07484561761858871,0
4,23,0.2163949655353904,11.246019760670187,-0.17058849796998088,1.0766813574414884,0.017230816809690276,1
4,24,0.2163949655353904,6.373102358644679,0.42031022187023664,1.8609095315831303,0.010624918809140165,1
4,25,0.2163949655353904,11.001980266437265,-0.5407155563852261,1.2049860596004642,0.04891019301894689,1
4,26,0.2163949655353904,20.39802834719592,-1.4197144163336173,0.7078424761623517,-0.04313588306332914,0
4,27,0.2163949655353904,13.356666962366079,0.314655136789513,0.5898959136217261,-0.04214101379524014,0
4,28,0.2163949655353904,13.366466965171613,1.2038595356452004,0.790807854435064,0.03913924781002934,1
4,29,0.2163949655353904,22.584009517212742,-0.13928974931736635,0.6971372975572343,0.05263422155642248,1
4,30,0.2163949655353904,17.467688960962988,1.7136153692586416,0.6651487139334334,-0.07944033850621773,0
4,31,0.2163949655353904,18.511541793066915,-0.3508522656473716,1.677537922672182,0.06501373973366462,1
4,32,0.2163949655353904,19.24724329693411,0.23695263150593301,1.0007349726145627,-0.10572315550437754,0
4,33,0.2163949655353904,10.46291015416687,-0.1557681360002043,0.758927579002273,0.05910595834476173,1
4,34,0.2163949655353904,15.623630955952246,0.7651470895983798,0.7107166957863973,-0.08923952280984397,0
4,35,0.2163949655353904,15.75108445728213,0.44267623319454413,0.6602769422187489,-0.026825930559263383,0
4,36,0.2163949655353904,14.205666934697522,0.9049452475983887,1.1822241073428381,-0.020842221680292764,0
4,37,0.2163949655353904,9.53484095180212,0.14402141404298682,1.0901536369943907,0.000947849983831084,1
4,38,0.2163949655353904,17.318898776030363,0.9051281193547468,0.7856172586170331,-0.06349362676299279,0
4,39,0.2163949655353904,6.707685851127976,0.9151182417701539,1.665902586709272,-0.10771341525290384,0
4,40,0.2163949655353904,10.31466617409194,-0.20928267237000586,0.7620015431119271,-0.05577407023541249,0
5,1,0.28950062390788023,10.95330927637087,-0.44343172781163936,0.824282695992094,0.03456551692429912,1
5,2,0.28950062390788023,12.939341561533563,-1.926576226188047,1.066373609466376,-0.02098923164711926,0
5,3,0.28950062390788023,19.205462981358863,1.1266999630774235,0.7236072929732575,0.00031437091346898927,1
5,4,0.28950062390788023,23.283402158772635,0.27240119854093137,1.1383137985259246,-0.033046168277886395,0
5,5,0.28950062390788023,23.6114766228173,-0.9112774665814929,0.6515479087301074,-0.016403597337295846,0
5,6,0.28950062390788023,19.031296892332254,0.5516814577169427,0.7753997786223693,0.029445341816885726,1
5,7,0.28950062390788023,17.198469338751504,1.7333547006415253,1.6126800045780816,0.08575765195958202,1
5,8,0.28950062390788023,3.317255665876191,0.588559689239625,1.050872019339294,-0.016763617906657407,0
5,9,0.28950062390788023,20.65059823000763,0.7190243231372544,1.132230112575258,-0.023831218281579462,0
5,10,0.28950062390788023,28.14473283437565,1.0957259226354839,0.8529409194911776,-0.030680779622053865,0
5,11,0.28950062390788023,17.264382163293178,0.4482803641096845,1.2846898468313992,0.04848921372810454,1
5,12,0.28950062390788023,16.170196573815183,1.1167568503467613,0.9638427048440781,0.03607871259223916,1
5,13,0.28950062390788023,18.493479134262728,-0.5713617241393997,0.7330668787420933,-0.06477582245294405,0
5,14,0.28950062390788023,18.6431429273637,-0.17994418500312578,1.5822268328642664,0.02544666868161919,1
5,15,0.28950062390788023,15.67458167423591,-1.5219620387746635,1.0986264758656696,-0.03421741269184697,0
5,16,0.28950062390788023,13.130920669765276,-0.319662025469496,1.4003726410799773,-0.043291603815127234,0
5,17,0.28950062390788023,16.808796048346547,-0.1862402309734701,0.9363465347958618,-0.015315955846233548,0
5,18,0.28950062390788023,8.141053952273476,-0.44094110176151985,0.7703518783092986,0.005113536673960363,1
5,19,0.28950062390788023,5.587867283523602,-0.2840674757449855,1.1498599763432542,-0.040632065256426105,0
5,20,0.28950062390788023,21.80469320360754,-1.7074204192520614,1.158951684567872,-0.06657237022872048,0
5,21,0.28950062390788023,12.709693348321004,-0.06167662677047806,1.165548606808579,0.08653276954809605,1
5,22,0.28950062390788023,18.579777382204796,1.012608096454167,1.230942414617645,0.0020916972504564932,1
5,23,0.28950062390788023,22.772969947248164,0.8967733675184971,0.8098743730100915,0.014208223732000686,1
5,24,0.28950062390788023,21.101401748039034,-0.09056928102658578,1.7880325318520192,0.008016569897045765,1
5,25,0.28950062390788023,12.233036456710963,0.7362559794270106,1.233001719433948,-0.005002551124086678,0
5,26,0.28950062390788023,16.623770147552882,-0.21774563878241018,1.305029114380935,-0.05153456339455899,0
5,27,0.28950062390788023,9.169565110036345,0.6132832187233667,0.5696576837993091,0.054585321315128374,1
5,28,0.28950062390788023,14.47713449291337,0.43080785791450094,0.6223569295081229,0.0581085840931543,1
5,29,0.28950062390788023,20.230084755041652,-0.0958518068235701,0.7339831672620404,0.03285069948943452,1
5,30,0.28950062390788023,15.160131201813327,-1.8140184480081274,0.6077525811350072,-0.06322986050845078,0
5,31,0.28950062390788023,1.0,-2.1578943453766364,0.9153637032598855,0.01306358790868788,1
5,32,0.28950062390788023,3.7436829647833014,0.555487644485774,1.130922822927926,0.0275186162433862,1
5,33,0.28950062390788023,10.99207214715192,-0.9877034290983614,1.0866754313705882,0.004392957302755825,1
5,34,0.28950062390788023,21.666208296494435,0.7224069110918957,1.2434661631628574,-0.06922511292658746,0
5,35,0.28950062390788023,15.995426305816768,1.994997529413818,2.143592030659709,0.04855507589943491,1
5,36,0.28950062390788023,15.706365620061089,0.7759806333269238,0.6915771152620847,0.05573693607587054,1
5,37,0.28950062390788023,8.420164082148805,-0.22136835651770068,0.7740730784993748,-0.01908161359870867,0
5,38,0.28950062390788023,15.732158257341222,0.9775502785862218,1.386964990559647,0.017859370486384408,1
5,39,0.28950062390788023,3.6241384410856092,1.5816968809499756,0.8377296436005871,-0.0038681111961222357,0
5,40,0.28950062390788023,16.709160916434243,-0.03364286352129842,0.6666445216097278,0.02512687743594691,1
6,1,0.7837390389102182,20.896201858093296,1.2167839818406272,0.7705196069044963,-0.04679750968900369,0
6,2,0.7837390389102182,10.912063365001627,0.2603753581673624,1.0735752042770823,0.005443013458606382,1
6,3,0.7837390389102182,20.421980388477312,0.4802537486740129,1.0233563624103432,0.060189741281899474,1
6,4,0.7837390389102182,11.4005230914767,-1.0629456003334614,1.0044434539110836,-0.032819297243333365,0
6,5,0.7837390389102182,15.736873766263711,-0.2432204633332575,1.10867443951162,0.00845718784095826,1
6,6,0.7837390389102182,14.320319233733596,-0.7866183945541523,1.137581545374498,-0.03306958275909981,0
6,7,0.7837390389102182,15.469337607444531,-0.29503749691102504,0.6938424547099278,-0.022950410099437355,0
6,8,0.7837390389102182,22.6347686756704,-0.6839394135430701,0.824628997596102,-0.04415755540745661,0
6,9,0.7837390389102182,19.406079840294055,0.7493591902736813,1.2438871665901572,-0.07112069013749658,0
6,10,0.7837390389102182,11.611392764270821,-1.066986804520454,1.1252570376827777,-0.12815395674685348,0
6,11,0.7837390389102182,1.1751888682208111,-0.7172351493231804,0.6771269757859846,0.04690913157979437,1
6,12,0.7837390389102182,19.474016888651153,0.2822618595941803,0.9610754238695705,0.034534508384566384,1
6,13,0.7837390389102182,18.819547637189743,-0.3526173322943589,1.063540480902961,-0.007387415534315508,0
6,14,0.7837390389102182,15.827557638572873,-0.6211326549105125,0.6743884093762121,0.008826923907334822,1
6,15,0.7837390389102182,12.20904615512122,1.202894343204212,0.41657445433733825,0.004508986313404152,1
6,16,0.7837390389102182,22.99203919661747,-0.29930342104448027,0.746918006969957,-0.020732278618727243,0
6,17,0.7837390389102182,6.063940674426945,1.4124274007597417,1.3654695462151503,-0.012350312276303677,0
6,18,0.7837390389102182,11.078108290169654,-1.0358640307656148,0.6605380936036125,0.028442587634267835,1
6,19,0.7837390389102182,7.668273567572421,-2.8914674468958,1.063841566699008,-0.0503923785593296,0
6,20,0.7837390389102182,16.856535466590845,0.06003277436342305,0.6895428098803495,-0.0822273128550724,0
6,21,0.7837390389102182,12.667287407992351,0.11830087570545833,0.8562177426244965,-0.016113132597301242,0
6,22,0.7837390389102182,25.55595189853783,1.512181174357457,1.8667614578535547,0.10052652310486813,1
6,23,0.7837390389102182,15.089032161659288,-0.9877532358660084,1.180307335744685,0.023181409719818972,1
6,24,0.7837390389102182,13.805964977037519,0.17294361721710788,1.7314415159782668,-0.0013781001199798578,0
6,25,0.7837390389102182,17.863502003219494,-1.0803761071043392,0.4621896738199691,-0.03016675774300635,0
6,26,0.7837390389102182,11.339015945153557,0.3822882141339708,1.0020347301547097,-0.011259372634794129,0
6,27,0.7837390389102182,9.580453761046007,0.9755825082193017,1.2825659968816803,0.02782435261381347,1
6,28,0.7837390389102182,17.675029867070148,0.2335018044189932,1.1218625818046126,-0.039242691773224384,0
6,29,0.7837390389102182,12.554908026952447,-0.7767824682211552,1.0241361035458711,-0.010414625203338822,0
6,30,0.7837390389102182,19.879872721287335,0.30120136872064396,0.7695914457796805,-0.054715684669963835,0
6,31,0.7837390389102182,16.67389979903793,1.4543024177777986,1.5207379550866607,-0.01174148363942984,0
6,32,0.7837390389102182,15.582105150100372,0.8814411764195805,0.8569413523755606,-0.01727606341206156,0
6,33,0.7837390389102182,15.342251834048515,-0.5826005341955032,1.6611322409721094,-0.041111344504378436,0
6,34,0.7837390389102182,14.568448417221601,-1.2928570783289215,1.0346739977598887,-0.05730742992121918,0
6,35,0.7837390389102182,17.0376426127107,0.032258545970843655,1.4388332332876004,0.06648516519155116,1
6,36,0.7837390389102182,13.013870081184931,0.8355993283647187,0.7208029733884191,-0.00911314990044925,0
6,37,0.7837390389102182,5.211476498051115,0.2560851272920285,1.0341913056233922,-0.1343031302006899,0
6,38,0.7837390389102182,15.389000480654422,-0.7854883693118355,1.2935257484157803,-0.003708327221706078,0
6,39,0.7837390389102182,12.69701434526564,-0.8597254378860528,0.7747588002529695,-0.04400394205730522,0
6,40,0.7837390389102182,8.115397050067529,0.6868578290186721,0.7153900254387038,-0.004043880414873345,0
7,1,0.9732535058825255,18.90342479256675,-0.10097612048240379,0.8384949985539013,0.045816780101646595,1
7,2,0.9732535058825255,13.098770345477817,-1.220787069822813,0.8496375775533622,-0.05269177515240581,0
7,3,0.9732535058825255,6.273827507539153,-0.783597522776706,1.7225041634585376,0.008194884042644655,1
7,4,0.9732535058825255,14.626172620442976,0.521293195560917,0.5167899132426123,0.01896202117390281,1
7,5,0.9732535058825255,11.62617132406732,0.40543018230088473,0.8220365265387237,-0.06183417822831161,0
7,6,0.9732535058825255,6.492263841595644,-0.48349144288602025,1.6104229522363631,0.033417749600926944,1
7,7,0.9732535058825255,16.56093326504125,0.48992810760831523,0.9500204954798598,-0.018014452531459835,0
7,8,0.9732535058825255,9.747204545911417,-0.3266584619503036,1.5303041379095275,0.045587126692014576,1
7,9,0.9732535058825255,18.591853997100646,-1.1974068875416275,0.99854655688895,-0.029790571975410973,0
7,10,0.9732535058825255,10.512552795547355,0.9006234215001679,0.8724983223892313,0.025752515204617795,1
7,11,0.9732535058825255,19.885231953704995,-0.28447782565000707,1.714211693170637,-0.03836812644125234,0
7,12,0.9732535058825255,17.127117466534038,-0.4511123990928594,1.2100985618150844,0.09234942444268998,1
7,13,0.9732535058825255,15.543049482470098,1.8611827391349993,0.9805355843875049,0.009395121273770003,1
7,14,0.9732535058825255,11.220823068056138,1.2164104470133348,0.6983043448062096,0.03624106632887489,1
7,15,0.9732535058825255,19.524053166971193,0.32732331317267893,0.929698275548804,-0.07925010259701583,0
7,16,0.9732535058825255,17.517777628193635,-1.387170192186655,0.8007725675539399,0.0030695199352986924,1
7,17,0.9732535058825255,13.18800370078148,0.8321352232473324,0.7259295601670956,0.07441698408740091,1
7,18,0.9732535058825255,17.90318650248413,-0.013479980527958972,1.3835941795632125,0.033522511249791845,1
7,19,0.9732535058825255,9.87208935480177,-0.5581001605120266,0.7166880145611295,-0.09761475142396855,0
7,20,0.9732535058825255,8.601170729282785,-1.8440343420046097,0.6753245982124148,-0.026469540747948682,0
7,21,0.9732535058825255,14.522167669227091,1.7998056909726696,1.4167266942163392,0.03433242772362305,1
7,22,0.9732535058825255,15.355583878133071,-1.3302092349809098,0.9837724975497776,-0.02486076586326212,0
7,23,0.9732535058825255,17.139532963110444,1.4235859790779741,0.5498749615072313,-0.06859989634445571,0
7,24,0.9732535058825255,15.325234104968661,0.12523749397327572,1.143422861495333,0.04370210734566456,1
7,25,0.9732535058825255,21.203567347670212,-1.0531599017173896,0.7501409387268692,-0.025219155248553095,0
7,26,0.9732535058825255,8.547481744642333,0.5966568678251403,0.9730198054664199,-0.026236845064876044,0
7,27,0.9732535058825255,17.841631321886737,-0.8316150410145726,1.1599948991403566,-0.11104872146439126,0
7,28,0.9732535058825255,16.128215182325366,-0.8720486388326641,1.753868288201808,-0.08236918679388358,0
7,29,0.9732535058825255,21.78105481161681,-0.14991845463246248,1.2130244373558208,-0.07552527247279503,0
7,30,0.9732535058825255,15.624579649719502,-0.3663001311167909,0.7041864759961239,-0.06903072053934754,0
7,31,0.9732535058825255,16.58151888230904,-0.9524959149716716,1.4886723100343027,-0.023017155185488858,0
7,32,0.9732535058825255,23.80641976146984,0.06437996119149338,0.8351646267015097,-0.018871182079027934,0
7,33,0.9732535058825255,18.981454784486036,0.4962546674743846,0.7296116368087274,-0.12091948620829253,0
7,34,0.9732535058825255,18.042778652905568,1.007594556842281,1.1842130527570762,-0.1445554163850916,0
7,35,0.9732535058825255,13.049334473301656,-0.9097956946865592,1.1268460820032045,-0.03632673767613755,0
7,36,0.9732535058825255,15.694750016879947,-0.27839609548896943,0.657114676625216,0.023570668033607387,1
7,37,0.9732535058825255,6.737936031986996,-1.3278708619501398,1.2715689559830734,-0.11840668929005689,0
7,38,0.9732535058825255,10.781373027068206,1.2379982025632696,0.9581620791857371,0.00413861954927148,1
7,39,0.9732535058825255,18.23496671910832,1.2188795395365746,1.7491103134570176,-0.00646521179835071,0
7,40,0.9732535058825255,6.1041570332599395,-0.38426838257585194,0.6491943680622223,-0.083542640094221,0
8,1,0.3967246168834322,15.464459879344538,1.5053816704997443,0.8349545225820842,0.04558242073920535,1
8,2,0.3967246168834322,15.089171429403574,-0.5865927484751032,1.4184539196329629,0.06530282074068564,1
8,3,0.3967246168834322,16.945493921698244,-0.6915595297001392,1.0500115794071079,0.03629504391726651,1
8,4,0.3967246168834322,6.518511739042214,-0.606305828512905,0.9177470700754243,-0.11404261046109168,0
8,5,0.3967246168834322,4.845695036436513,-0.038830796653574716,1.149781944023145,-0.030143496225537924,0
8,6,0.3967246168834322,20.547810460953688,0.2727493321484953,0.45296042558451205,-0.001624083545564323,0
8,7,0.3967246168834322,15.553598927912082,-0.3514071490708674,1.0811301517047562,-0.06602343866150766,0
8,8,0.3967246168834322,17.05081038960367,0.5221282988975396,0.873095031115288,-0.0611565112609584,0
8,9,0.3967246168834322,23.0831575863209,0.48076206143076383,0.5883055592591093,-0.05281394661154225,0
8,10,0.3967246168834322,15.869190238454493,1.5694430545300315,1.1936775537859607,0.025303221861584825,1
8,11,0.3967246168834322,5.179255577527313,-0.6917869930566971,0.8935886517792312,-0.03492574154084796,0
8,12,0.3967246168834322,13.439558193173985,0.9171199815384387,1.448544175260805,-0.05373624214954348,0
8,13,0.3967246168834322,19.09187169349386,-0.014132642432570426,1.1610834104249874,0.015445007606129935,1
8,14,0.3967246168834322,12.872945919696626,0.8335513361132012,1.0165947323930626,-0.02174695433832421,0
8,15,0.3967246168834322,13.485640547556793,0.6309441641739494,1.0112574971294919,0.02652412648772021,1
8,16,0.3967246168834322,11.992212679584231,-1.990908656313727,1.367400844563322,-0.10352074497405778,0
8,17,0.3967246168834322,22.3393777585792,0.49503945717783665,0.5960251410533375,0.11042201530595197,1
8,18,0.3967246168834322,21.216511178140248,-1.2896877954894772,1.5832096958043407,0.025623508407535703,1
8,19,0.3967246168834322,5.950987891212149,0.7080190359442311,1.2273477868685372,0.02025398641969719,1
8,20,0.3967246168834322,24.52143428569903,0.44466882719437845,1.671077104489406,-0.05058958106795301,0
8,21,0.3967246168834322,11.129587612238044,-0.0806448537851459,0.9033469775747028,0.020908797018987835,1
8,22,0.3967246168834322,25.13819529698807,0.7775164903035593,0.8904440254452276,0.01535781603889166,1
8,23,0.3967246168834322,8.430328414917035,0.5898079504357497,0.7511791973799723,0.004482453935116382,1
8,24,0.3967246168834322,20.50808394717246,1.3175178896692623,1.2757928279732929,-0.07821240814161036,0
8,25,0.3967246168834322,12.167850119698533,-1.190403925244694,0.7912394227204821,0.0028028055646871636,1
8,26,0.3967246168834322,14.221394967567369,0.8849980296117091,1.2486444837973232,0.013997988601108,1
8,27,0.3967246168834322,19.41687055765899,-0.5432445764154542,1.11029095354486,-0.004563088414623804,0
8,28,0.3967246168834322,11.301718256475484,0.10001992338778669,0.918831796292488,0.0424545390078194,1
8,29,0.3967246168834322,16.576563402164346,-0.20282940009180392,0.9816087277242818,0.08337922308022236,1
8,30,0.3967246168834322,16.537321076986778,-0.021412979322322293,1.2879363746342414,0.059078850679694,1
8,31,0.3967246168834322,20.956330415298154,0.5114152848850714,0.9531364942083352,-0.0146568635585911,0
8,32,0.3967246168834322,21.83328593393915,-0.1101965117404352,1.2093138985973573,-0.02865122281134405,0
8,33,0.3967246168834322,24.395071923117747,-1.2855287411764966,0.5311479122026855,0.002216926266156667,1
8,34,0.3967246168834322,16.519350826211337,2.147985415578651,0.728228532217595,-0.17678110188441795,0
8,35,0.3967246168834322,17.043608403836732,0.21328717458563914,0.8424317856136745,0.03939875812666437,1
8,36,0.3967246168834322,12.157030644767719,-0.14750823069847985,1.3519331831886512,-0.07163125359373329,0
8,37,0.3967246168834322,11.165590902944043,1.0809973575938745,0.8455141938126594,0.02263137522032345,1
8,38,0.3967246168834322,8.394150304095344,-0.22913614113057446,1.1991034598235342,-0.01124162871896087,0
8,39,0.3967246168834322,13.868582599602984,-0.47031560202771544,0.8535676823142092,-0.023744694617401002,0
8,40,0.3967246168834322,15.78201195822166,1.8475317442333088,0.7286444019711624,-0.02673440532040421,0
9,1,0.6425510257529217,15.101085220627583,-0.20921984819349282,0.9194882491031494,0.001131181233862898,1
9,2,0.6425510257529217,17.866610609996442,1.7668485177054614,0.9314428067188925,-0.10631811745302892,0
9,3,0.6425510257529217,8.219020186195898,2.32462732381359,1.2320197921804732,-0.04860760763599118,0
9,4,0.6425510257529217,23.66302068090132,-1.184835126765416,1.2675822727612298,-0.014817058081814723,0
9,5,0.6425510257529217,16.535545667761216,-1.459672178959035,1.3150235201701974,-0.040484524727962844,0
9,6,0.6425510257529217,20.466018388354588,0.013469014005521198,1.5234371704354766,-0.04696192532566246,0
9,7,0.6425510257529217,16.72623764179921,1.1890646243954746,1.0432463866781,-0.041133732367800845,0
9,8,0.6425510257529217,10.617425847948063,-0.6356288939482193,0.6576527076471013,-0.013746212249076416,0
9,9,0.6425510257529217,13.370673569721534,-0.4746497316580638,0.7130843835125125,0.012638480948695976,1
9,10,0.6425510257529217,1.0,-1.3479129112985582,0.9115805825019122,-0.08570186186856867,0
9,11,0.6425510257529217,16.069258495184254,1.3513573985688616,1.4614399304477539,-0.02194921912619543,0
9,12,0.6425510257529217,14.653469700553693,-0.7529483034441415,0.7543779761592203,-0.004749242423994125,0
9,13,0.6425510257529217,21.06507255903056,-0.890917242220516,0.7112629822449349,-0.06681553629656976,0
9,14,0.6425510257529217,6.220198763584274,0.983950422804146,1.128820853460812,0.01715720894791995,1
9,15,0.6425510257529217,14.607073734589077,0.7766003609880466,0.8479389699242585,-0.07122037553953403,0
9,16,0.6425510257529217,13.47296222247002,0.18276856789414797,1.3715102631064044,0.0302764868091,1
9,17,0.6425510257529217,8.684062870134461,-0.9855437438794791,0.8703277969843225,-0.042524283970891114,0
9,18,0.6425510257529217,7.659202054140226,-0.2746477495654376,0.9442585225181112,-0.04957077323389189,0
9,19,0.6425510257529217,9.122468883424485,-0.5883977050859929,0.9822311160633471,0.0092554020061608,1
9,20,0.6425510257529217,19.9194385517168,-0.21605149679277627,0.9493671142785982,-0.05041204561917932,0
9,21,0.6425510257529217,19.926475233108878,1.190609398661939,0.8062167028874602,0.0023989029638883524,1
9,22,0.6425510257529217,7.800269944961614,0.5233696984532888,0.7507292516979139,-0.05148094803792791,0
9,23,0.6425510257529217,14.16634146615209,-1.210139560232094,1.1705987787304613,0.002911529054440025,1
9,24,0.6425510257529217,17.366940608833705,-1.4148045394031197,0.9171085015922158,-0.0259111886122068,0
9,25,0.6425510257529217,16.62829947512416,0.3766385241693453,0.973734580327517,-0.04774906986387904,0
9,26,0.6425510257529217,7.407613380507482,0.5908617480831869,0.6600328664985693,0.04879576440608587,1
9,27,0.6425510257529217,11.991628148135511,-0.6477094817636024,0.9855255805878425,-0.13605868092670065,0
9,28,0.6425510257529217,7.8213220143635,-0.9632252380975275,1.1337775516757194,-0.04780315074180079,0
9,29,0.6425510257529217,20.082055396105247,-1.6298187356740137,1.2247914636429547,-0.04899063513624029,0
9,30,0.6425510257529217,27.976528946354826,0.7999843788335962,1.7688021555404219,-0.03812370918350383,0
9,31,0.6425510257529217,14.750645056710665,0.563448762583765,0.8863215802155727,0.05077638717352832,1
9,32,0.6425510257529217,4.271587802640959,0.501596452408629,0.9868807336184309,-0.03594211772578411,0
9,33,0.6425510257529217,19.09281460589354,0.609797537319795,0.7118819529743063,0.03984783571427658,1
9,34,0.6425510257529217,22.784180169071146,-0.45490339204778346,0.6314579698289149,-0.027731133497507793,0
9,35,0.6425510257529217,22.393361212819883,0.1314631160373509,1.3106326791439393,-0.05680947039145354,0
9,36,0.6425510257529217,15.823201677668887,-0.5104505873723154,0.6602989577957346,-0.08623861791303644,0
9,37,0.6425510257529217,17.6490758582554,-0.46357631937202326,1.0783744587441266,-0.019086130587378396,0
9,38,0.6425510257529217,15.474267130417681,-2.145222746511388,1.26399351200337,-0.06658216048674363,0
9,39,0.6425510257529217,18.602779191052363,-0.07717732905889242,1.700387536395161,-0.009950798331069592,0
9,40,0.6425510257529217,19.70707148283345,0.49365502841361864,1.3018710485641432,-0.05523343411675381,0
10,1,0.32408354990284777,11.232112180109011,0.7861899435733068,1.382122002979913,0.08619446729479277,1
10,2,0.32408354990284777,12.067460529985308,-1.038762115980756,1.2478732196824562,-0.032227621862998386,0
10,3,0.32408354990284777,13.291652632977616,1.6341776077955665,1.4006510985467777,-0.005357116121078648,0
10,4,0.32408354990284777,13.848502269224795,1.325777253748026,0.8211168907280644,0.03056108328661311,1
10,5,0.32408354990284777,15.958653162866508,-0.7537366053284428,1.9527560791322685,-0.0750784739935608,0
10,6,0.32408354990284777,20.593295572358116,-0.6418536724624825,0.8476186360867025,-0.037560676443050195,0
10,7,0.32408354990284777,8.467149752592736,0.7890614302884981,0.8357368333170074,0.03218331812726508,1
10,8,0.32408354990284777,19.59253018858241,-0.06261487245994347,1.5156730278360735,-0.03368038127682818,0
10,9,0.32408354990284777,14.014944370118398,-0.47240915231892827,2.046803868499689,-0.05186827066270801,0
10,10,0.32408354990284777,1.0,-0.5587434528563127,1.3142780139136894,-0.030380739670469677,0
10,11,0.32408354990284777,13.00645273274319,-0.221131756292191,1.3090630744127305,0.004653600811371922,1
10,12,0.32408354990284777,13.63556787761124,1.2607178487004576,0.8433223122481058,0.03679494393667439,1
10,13,0.32408354990284777,17.74105061686247,-0.4318953965048589,0.9275037511500164,-0.06416423224628391,0
10,14,0.32408354990284777,17.947797050434293,-0.09853290852000719,0.7474605428623965,0.03763287694697606,1
10,15,0.32408354990284777,14.968172171949657,1.0111888612595943,0.7997959957332038,0.04932021037159329,1
10,16,0.32408354990284777,10.927779507799668,1.4540442066777812,1.710748778402464,-0.0034031333830341418,0
10,17,0.32408354990284777,19.763835758302786,-0.2592682211384078,0.6655178848034019,0.10602053563714788,1
10,18,0.32408354990284777,11.614348199097199,-0.5827996411311009,1.3214853985946071,0.029062433675807037,1
10,19,0.32408354990284777,9.057763208968773,0.3321125318825125,1.441486310382365,-0.013788342929304559,0
10,20,0.32408354990284777,11.79253753242579,0.6609878450884087,0.955907376202586,0.026695315904124085,1
10,21,0.32408354990284777,12.306978271400748,-0.8852454490745133,1.0748455150687302,-0.07508569278152231,0
10,22,0.32408354990284777,14.429437268039557,2.549486617046571,0.34305912699416075,-0.07188206253506661,0
10,23,0.32408354990284777,12.760232858908207,-0.5874865423505603,1.0676910065442333,-0.012245372108506966,0
10,24,0.32408354990284777,13.17814484212064,0.930928117294632,0.7654745898509692,-0.04053721497069368,0
10,25,0.32408354990284777,18.70811933643387,-0.7077337221303754,0.5103894228901542,-0.03554736077737853,0
10,26,0.32408354990284777,18.982503749539088,0.9291381944501315,1.1504711632905988,-0.004130785244202066,0
10,27,0.32408354990284777,17.664262566724098,2.0004623751717987,0.7691888963433273,0.028971446751058665,1
10,28,0.32408354990284777,13.452777062940111,-0.39561911579590536,0.9597784581192228,-0.06756563128647837,0
10,29,0.32408354990284777,11.663712946200944,-1.70360000894115,0.9826236451022552,0.0423281471031674,1
10,30,0.32408354990284777,13.841130251335453,0.5915346584023803,1.2230952499853684,0.05170893648164668,1
10,31,0.32408354990284777,14.26652569182643,0.0867894712974955,0.9337549933043541,0.005745413771749756,1
10,32,0.32408354990284777,19.20723540744835,-1.6156565308141875,0.9056109054342475,0.04679409695513721,1
10,33,0.32408354990284777,13.598910946357286,1.7361979300063646,0.8692068088550851,-0.0099378697412172,0
10,34,0.32408354990284777,8.97638419316956,-0.43959263490136863,0.9370126781711263,-0.06290608502165498,0
10,35,0.32408354990284777,10.8136270067967,-1.1878052039551894,1.3197246961285485,0.0073255188845730915,1
10,36,0.32408354990284777,23.820927157082956,1.8450294342085791,1.2956991494148462,0.034991349146490915,1
10,37,0.32408354990284777,10.336696046128992,0.261548301483565,0.8659169570473793,0.007613618845848969,1
10,38,0.32408354990284777,8.681015952148046,0.5325337680391328,0.9871746873764489,-0.01426842168109056,0
10,39,0.32408354990284777,13.54165248226586,0.5167092233401797,0.9302174292112102,-0.005007568107934898,0
10,40,0.32408354990284777,23.80532539228533,2.142799628007093,0.7067556931418238,0.0030243554065694945,1
11,1,0.0658333702269022,15.482203757147255,0.20341363619064434,1.9006927651898549,-0.016126158863369433,0
11,2,0.0658333702269022,16.463242971883176,-1.0816192200385686,0.7976195286191256,0.0033108633102563595,1
11,3,0.0658333702269022,7.117186419114084,-2.6847613589017327,1.202711787924249,-0.0439041508743244,0
11,4,0.0658333702269022,7.505867781720847,-0.5183606424331415,1.0253364203043123,0.033394830655362855,1
11,5,0.0658333702269022,14.988146396238525,1.603156614786318,1.356642343194089,0.06741998565291892,1
11,6,0.0658333702269022,12.711942119249525,-0.6502536724301808,0.49122485985286984,0.05497181054123153,1
11,7,0.0658333702269022,16.948304453632893,-0.5872036364152042,1.2472801337520165,-0.013916082092705832,0
11,8,0.0658333702269022,9.487622201739686,1.4853495504998435,1.1842420996230203,0.061052947089618725,1
11,9,0.0658333702269022,20.26524502461038,0.5713605704219987,0.45369469746168867,0.034341280355134084,1
11,10,0.0658333702269022,21.78736896830894,-0.5200906071439402,1.0879957168591556,-0.005380775022287921,0
11,11,0.0658333702269022,7.265473534876916,0.3546875155726393,1.2135363167168298,0.044834400375744474,1
11,12,0.0658333702269022,16.225687629533496,0.05270302392937683,0.698670444264669,-0.07824022090904009,0
11,13,0.0658333702269022,13.60388200979326,0.4991973582291571,0.8563038941974486,0.03692970566044104,1
11,14,0.0658333702269022,22.213032089959977,0.10917304548635798,0.9344375776777001,-0.0554457074593671,0
11,15,0.0658333702269022,16.12914693272743,0.27930128301879825,0.7840907043730446,-0.07314085369657172,0
11,16,0.0658333702269022,19.766259647043448,-1.1909723776999996,0.9002357315398151,-0.010513647775538332,0
11,17,0.0658333702269022,14.618648548382753,0.8171355258115692,1.721403690161273,-0.06365879433023708,0
11,18,0.0658333702269022,16.570945942190672,0.5467253868970066,1.2001626886606818,0.013299688272606917,1
11,19,0.0658333702269022,25.664133639717235,0.6328073181160944,1.081661797551913,0.03923027773823502,1
11,20,0.0658333702269022,25.38180480782645,0.6574327706049559,1.3027304085610245,-0.007688022460027283,0
11,21,0.0658333702269022,6.517829172953967,-0.016678063770015537,0.7847887170983833,-0.0037331095559224826,0
11,22,0.0658333702269022,16.906218500112587,-0.27914330915524876,0.6465653334657022,-0.034212297997013384,0
11,23,0.0658333702269022,16.20644589681352,-3.148944602877054,0.896751743005684,0.004767884613217092,1
11,24,0.0658333702269022,9.63107530593781,0.15021861012224694,1.0587883351493763,-0.09390736808332885,0
11,25,0.0658333702269022,11.159967761608508,-2.9599576431961734,1.0826035521577546,-0.09308025229533312,0
11,26,0.0658333702269022,15.924690575565856,0.37644354676889097,0.8710208789652023,-0.06792097063789677,0
11,27,0.0658333702269022,19.78001400732298,0.7249928392882868,0.5815993869869504,0.057169708272944576,1
11,28,0.0658333702269022,17.615565384487315,0.6835581195027362,1.1286058882682712,-0.04881200778750752,0
11,29,0.0658333702269022,12.906327559355317,-0.18404752905521995,0.7642150088734235,-0.00542551722150904,0
11,30,0.0658333702269022,9.694172446713301,0.8627728640184218,0.799470687389772,-0.017442688385287182,0
11,31,0.0658333702269022,4.533544405254664,1.3696343955404062,1.274870006215415,-0.015248502621696407,0
11,32,0.0658333702269022,22.700054004671568,-0.24214969554743368,0.9935066505122803,-0.09728638267186075,0
11,33,0.0658333702269022,12.216270636609112,-0.10273173941936191,1.624707429392739,0.020625416519529767,1
11,34,0.0658333702269022,10.70284434107616,1.2810264237957578,0.9590165095255072,-0.07827710961181637,0
11,35,0.0658333702269022,16.688135935016426,0.2038292735901123,0.9725666800684091,-0.04151347119637527,0
11,36,0.0658333702269022,14.570522753282352,2.381434909936927,0.9225431110275591,-0.01999878255064417,0
11,37,0.0658333702269022,14.916709023434613,-0.2422794385074499,1.0084240751821374,0.03901682445212708,1
11,38,0.0658333702269022,18.28584735725857,0.3631456618912073,0.903065137348604,-0.010758145487119982,0
11,39,0.0658333702269022,12.568911818375536,-0.8617797036551877,0.9748697873580379,0.035787663310887556,1
11,40,0.0658333702269022,9.711547482940583,0.2975562456476263,0.891487711146799,-0.053749307947488084,0
12,1,0.11096708738379607,14.287302839211018,-0.46470988941727387,1.1464135136005025,0.0335467704517811,1
12,2,0.11096708738379607,15.32792996249079,-1.6165053031210257,1.2641751416451792,-0.03205700410622574,0
12,3,0.11096708738379607,9.55783073643399,-1.9139592132195182,0.8774606148721561,-0.013754319271794534,0
12,4,0.11096708738379607,9.474341934655186,0.3845481888326459,0.8914426995087062,-0.04129077183420083,0
12,5,0.11096708738379607,9.763086427867867,-0.8306494524534238,1.1774992101288544,0.013439372438745814,1
12,6,0.11096708738379607,19.07910605437472,-0.10916485669926528,1.6506596176939596,0.07200377841846209,1
12,7,0.11096708738379607,21.92205949683078,-0.06923341364048755,0.806663355508101,0.044304015232812764,1
12,8,0.11096708738379607,21.367401586700616,-0.4358880745572023,0.9556562430224605,0.03550356584763439,1
12,9,0.11096708738379607,10.434383354594566,1.6915266263282682,1.1068405979966192,-0.0014730074536215706,0
12,10,0.11096708738379607,11.531492074646279,-0.22943103023315145,2.135052993547569,0.025636576577431576,1
12,11,0.11096708738379607,8.613920855423464,-0.5850162329917654,0.7570037902969451,-0.04149732216117744,0
12,12,0.11096708738379607,24.18323621706304,-0.9909935627658627,1.8643043391080691,-0.016706576588026906,0
12,13,0.11096708738379607,12.578863228596502,0.8397698529372748,1.3620260759663054,-0.038213385430152985,0
12,14,0.11096708738379607,14.812262340002286,-0.4181573039854164,1.1004480587882477,-0.013781638536671758,0
12,15,0.11096708738379607,12.620336504484213,1.2306106438113418,0.5862714700206585,0.10080314309285036,1
12,16,0.11096708738379607,15.83743155715384,0.5295273279799719,0.7976660454530302,-0.004146640136102347,0
12,17,0.11096708738379607,9.756905762997144,-0.47959195813572175,0.938642727110129,-0.02954108159712667,0
12,18,0.11096708738379607,11.898125904944038,0.43973948023291276,1.348654339075065,-0.07940197190535885,0
12,19,0.11096708738379607,10.43944204146459,0.5475885165721817,0.9167338456811875,0.02366024801499303,1
12,20,0.11096708738379607,3.174240735761875,-0.828330326127065,1.2092315147889705,-0.07248930651359264,0
12,21,0.11096708738379607,16.272330310898724,0.24669826388430846,1.0693485480460199,0.027527320648529367,1
12,22,0.11096708738379607,18.690067446576442,0.3599597126374335,0.8671888999813832,-0.009058938811695868,0
12,23,0.11096708738379607,19.849882635405507,0.08964801364819354,1.1361498091788733,-0.055739055761383854,0
12,24,0.11096708738379607,22.795308097312446,0.6213466544874983,1.1823309589913469,-0.060552340148880446,0
12,25,0.11096708738379607,19.74867540053089,-0.13051713768338657,0.7807124114416977,0.029097643550793813,1
12,26,0.11096708738379607,14.638707385078039,1.594571022140866,1.0395210078308168,0.03652231467000497,1
12,27,0.11096708738379607,17.71486833255791,2.559495938464298,1.8045557890917383,0.019829994639606625,1
12,28,0.11096708738379607,12.344364981236625,-0.39033807493570394,1.3636279783997427,0.06511005878353222,1
12,29,0.11096708738379607,18.963290401024835,-1.8957031278773715,1.7851217649189368,0.03528749812646076,1
12,30,0.11096708738379607,13.563490308837185,0.39927573414933887,1.0324309660858773,-0.02845564854633041,0
12,31,0.11096708738379607,3.3746809754614215,0.47256060040605474,0.8613553662161367,-0.01819159906617991,0
12,32,0.11096708738379607,14.842258586009887,0.1746256691088831,0.7797925794771368,0.022527816855640183,1
12,33,0.11096708738379607,15.306046006903209,-1.2362463509934947,0.8471374849950295,-0.019652620329265465,0
12,34,0.11096708738379607,9.124497396944278,0.39241712957650415,2.1898433461431366,0.022218270770346972,1
12,35,0.11096708738379607,17.370859709470988,0.875606845600971,0.6813783344185741,0.030233524666478308,1
12,36,0.11096708738379607,20.93496591452591,-0.8034197608390511,0.6784441302211454,-0.046373099365835634,0
12,37,0.11096708738379607,9.219499127096501,1.8586033960031128,0.5904802485107964,0.03351428196799881,1
12,38,0.11096708738379607,18.779800047487793,-0.8087310255329895,0.9986345004492686,-0.03398895734274295,0
12,39,0.11096708738379607,19.33692399979723,0.8071931392447306,0.995287068752748,0.0772090936979475,1
12,40,0.11096708738379607,10.248077217612352,-0.11288405200961674,0.9413866977512215,-0.008919381997596664,0
13,1,-0.8267845740043338,12.784531618068039,-1.4257416615168472,1.1118888922771584,-0.07127732475041312,0
13,2,-0.8267845740043338,9.533998874321494,0.03222022101633331,1.0124972494604498,0.046635347198418144,1
13,3,-0.8267845740043338,12.106424566178264,-0.08296666707068955,0.6972322301921838,-0.03251036054828254,0
13,4,-0.8267845740043338,14.749974195873019,2.6936979798589005,0.9343301221189744,0.07784757583349829,1
13,5,-0.8267845740043338,20.831092548182287,1.1277528685100986,1.4999242697949864,0.07111625623864658,1
13,6,-0.8267845740043338,11.805416195745776,1.95244029543178,0.8002460097253439,-0.0473641327152932,0
13,7,-0.8267845740043338,7.226635212170996,1.547963014667229,1.267326173446427,-0.013577555486682944,0
13,8,-0.8267845740043338,1.0,0.09321272641107313,0.9124879999567459,0.11729525092990976,1
13,9,-0.8267845740043338,11.652720465402858,-0.5705746996610535,1.2464637330059265,0.0119499471450516,1
13,10,-0.8267845740043338,8.432744008684011,1.8585732780423485,1.0466372325710391,0.0158506895101409,1
13,11,-0.8267845740043338,15.927884404670149,-1.0578597414976745,0.8903215395625058,0.0049751485968334026,1
13,12,-0.8267845740043338,16.147044173949073,0.08983759065108003,0.9086799516644096,0.0018420799167453645,1
13,13,-0.8267845740043338,7.065281019861015,-0.5423407914304259,1.0750547593069784,0.02609364524443422,1
13,14,-0.8267845740043338,16.811436334968697,0.7556525800253339,1.1065796625176931,-0.006159950964103432,0
13,15,-0.8267845740043338,13.942049311218648,2.044085009043864,1.3851974797067004,0.009135152657050455,1
13,16,-0.8267845740043338,13.734052392615592,-0.16054004033391558,0.6049706564319469,0.06646263940836211,1
13,17,-0.8267845740043338,12.397083237018473,-0.986996407896167,0.9960710425949741,-0.04443912992476723,0
13,18,-0.8267845740043338,19.802040038845313,1.0965388351634404,0.9877132494953532,-0.01596704524410437,0
13,19,-0.8267845740043338,17.97287394809806,-1.5301027823860531,1.02000752308716,-0.04272603669876582,0
13,20,-0.8267845740043338,15.936079004616039,0.3969521129917183,0.736486715616381,0.06559034595201604,1
13,21,-0.8267845740043338,20.75462867773225,-0.5581311936549193,0.7410048018262957,-0.026399734885302686,0
13,22,-0.8267845740043338,15.173638303224065,0.5648331704029067,1.1524376553826787,-0.028376092046434136,0
13,23,-0.8267845740043338,15.693421147503575,0.49437388213157435,1.067155447324249,-0.06161718290106539,0
13,24,-0.8267845740043338,17.676516071377225,-0.9526196274466608,1.3500271157921855,0.0006804857675939352,1
13,25,-0.8267845740043338,13.64795677046246,1.931880431451115,0.4770621829725976,0.06543287331964198,1
13,26,-0.8267845740043338,8.989932398620475,1.4483316831657427,1.452668671861866,-0.03613842150003177,0
13,27,-0.8267845740043338,23.812210412025397,-0.8485106711194035,1.0411082714911877,-0.012659310037284054,0
13,28,-0.8267845740043338,19.715081018336246,-1.080831019104011,1.2149605408370212,-0.04124515116364637,0
13,29,-0.8267845740043338,8.50277434431153,-0.35348932612037753,1.4480202104555173,-0.07167804784414616,0
13,30,-0.8267845740043338,10.08394724499464,-1.2630511737936898,1.3291490236570074,0.02523990102597311,1
13,31,-0.8267845740043338,9.671760688978294,-1.0205871139129223,0.9252696878000386,0.04186236954031675,1
13,32,-0.8267845740043338,7.381686009047316,1.0985470037185705,0.9113127612211147,0.04200346784975107,1
13,33,-0.8267845740043338,16.810386377595254,0.07846682610024981,1.1309483691358528,-0.02920935618410609,0
13,34,-0.8267845740043338,22.510666058087423,0.7994447788554544,1.071502418622568,-0.019727214655092994,0
13,35,-0.8267845740043338,16.935686676370477,2.1962423234425286,1.4011277577760943,0.07999870820264939,1
13,36,-0.8267845740043338,22.795869200074637,-0.0692292097459218,0.4731177504774438,-0.0036210769602455393,0
13,37,-0.8267845740043338,12.908597158135485,-0.49362105413775437,1.0673323206614047,-0.019956535445217884,0
13,38,-0.8267845740043338,16.31474968014559,0.01178274838634038,1.6405945604413668,-0.059817312918342296,0
13,39,-0.8267845740043338,10.3669560166781,1.0800742800353762,1.27186260808706,-0.08815869883602787,0
13,40,-0.8267845740043338,15.107440899777064,0.2791783211756366,1.0784502166273684,0.004161749949128963,1
14,1,0.05387200325752779,20.37040284175883,-1.8103978302232784,1.3748273123571488,0.006638606895236578,1
14,2,0.05387200325752779,18.567695567812176,-0.630541345018831,0.7122350379704268,-0.08075171156182925,0
14,3,0.05387200325752779,20.101665812463317,-1.4233021147227445,1.0179451757001479,0.0358879970666079,1
14,4,0.05387200325752779,12.961402942012478,-1.0200155057026465,1.2016136727255262,-0.0028076463880838294,0
14,5,0.05387200325752779,19.5632336047198,-1.4955564615559693,1.4732738970037993,0.025019369668450777,1
14,6,0.05387200325752779,22.251047654560217,0.5507948359580761,0.9506952255660618,0.057544950093464366,1
14,7,0.05387200325752779,17.81780306691948,0.860270484782037,0.9062301371822904,0.03382410032706304,1
14,8,0.05387200325752779,8.049486662312443,-0.1205629975132217,0.89767224506265,0.11053242486643784,1
14,9,0.05387200325752779,16.41165429983725,-1.0241196268409192,1.024429352799525,-0.019196083615203585,0
14,10,0.05387200325752779,16.221368735005697,0.15261318760554432,0.746575338834735,-0.017803615797227546,0
14,11,0.05387200325752779,11.639629593953615,0.049482676615304796,1.1513311571419191,-0.037326748112273544,0
14,12,0.05387200325752779,9.846046139274838,-0.9197211520225674,1.2526171034627698,0.06013671865491119,1
14,13,0.05387200325752779,10.93825191159556,-0.8106594220459032,1.4640393380593786,0.02157436776280607,1
14,14,0.05387200325752779,20.744495999159433,-0.09373238669406192,1.604643799506339,-0.048161746675297004,0
14,15,0.05387200325752779,15.665002250104838,-0.24438319589463964,0.6908135911274409,0.027428280690382462,1
14,16,0.05387200325752779,23.354565513436373,-0.5821700060033415,1.294811998661954,0.0049735829290357,1
14,17,0.05387200325752779,6.015093779374565,0.015569349941687922,0.7557539379909274,-0.08583569433482603,0
14,18,0.05387200325752779,17.112451470769344,0.10663454324442614,0.7844004724466663,0.06311693336008947,1
14,19,0.05387200325752779,23.00082195633069,0.6594774050253863,1.2194779331881844,-0.03208176722153384,0
14,20,0.05387200325752779,24.156947847301918,1.1732369129078557,0.9503626372811699,-0.06324900768881939,0
14,21,0.05387200325752779,12.3043740421023,-0.3339959080631315,1.5575946624344943,0.025251349632172307,1
14,22,0.05387200325752779,22.95669520567311,0.4436421094079669,0.9115297278943195,0.03055492083251958,1
14,23,0.05387200325752779,20.469738137689177,0.725136284686337,1.3602373241143748,0.031390928618174434,1
14,24,0.05387200325752779,20.91170894556899,-1.6967376713656495,1.174063665606896,0.031936943355308,1
14,25,0.05387200325752779,16.070470935932264,0.024456922042641313,1.5463157695071224,0.037514165986804425,1
14,26,0.05387200325752779,20.050825197306644,-0.3007479563383028,1.0778729407348595,0.026235676031363005,1
14,27,0.05387200325752779,19.575700581933187,0.2844108964680936,1.0592751485848173,-0.03656959311430298,0
14,28,0.05387200325752779,11.988030712331884,2.0225172468384103,0.7573026415629337,-0.022522794829537774,0
14,29,0.05387200325752779,1.4901516255289127,-0.2457495075252575,0.8728252577829908,0.0652796247434536,1
14,30,0.05387200325752779,20.71024658523136,0.7917591510290555,0.9271372958117388,-0.03359241425536264,0
14,31,0.05387200325752779,20.333002837734224,1.0097084775334053,0.6130974345336376,-0.03824767891258151,0
14,32,0.05387200325752779,18.762602575531954,0.5801290273942908,0.9068371139912146,-0.03567993157555059,0
14,33,0.05387200325752779,13.028708167972484,0.5899580121921332,0.7813868690488658,-0.012490368949058138,0
14,34,0.05387200325752779,13.020466926977464,-1.1118957826918816,0.9883448430404007,0.04368615906887862,1
14,35,0.05387200325752779,7.182763828305463,-0.10194158758769425,0.920528317019967,0.018043126730819,1
14,36,0.05387200325752779,23.168288620287072,0.055077494838232384,1.8940133036607314,-0.041383035682525375,0
14,37,0.05387200325752779,14.635096127866904,-0.14046698123530538,0.7225424026952614,0.04990102112474748,1
14,38,0.05387200325752779,19.28172333314562,-0.6833381822171565,0.6637899778114075,-0.028539770331029918,0
14,39,0.05387200325752779,13.326659822274149,0.673393190494461,0.6271848154423955,-0.035098050419851236,0
14,40,0.05387200325752779,3.312832200248048,-0.012375669364609385,0.9441088229335804,0.03602321852501026,1
15,1,-0.3595562024984434,19.04242055046891,-1.3350338674585793,1.2367322521128892,0.027337024180565144,1
15,2,-0.3595562024984434,21.167023916346157,-0.5926543588761058,1.1284090011833625,0.04318871073442956,1
15,3,-0.3595562024984434,24.38957867168787,-1.4266985029995032,1.118644174541295,-0.04830884328701107,0
15,4,-0.3595562024984434,14.530893801424757,-1.4486931839546031,2.1150598277630346,-0.024142866021135873,0
15,5,-0.3595562024984434,12.707587327899454,0.7061408237124686,1.604753955887197,-0.0728128707394233,0
15,6,-0.3595562024984434,15.856825169427744,0.47429899234933515,1.652770734569236,-0.09433958804539912,0
15,7,-0.3595562024984434,9.89060509705336,1.638554247866332,1.078337995205093,-0.043495151912213176,0
15,8,-0.3595562024984434,10.710143534618707,-1.2283281748250021,1.127917962754662,-0.0407884640059858,0
15,9,-0.3595562024984434,18.146675086704107,0.5378459695583886,1.6061319862720773,0.003340671441640633,1
15,10,-0.3595562024984434,13.906952825813732,0.5151273326943641,0.8721128571201942,-0.02164605893938422,0
15,11,-0.3595562024984434,12.428835561555923,0.5781480277471933,1.1504344959479933,-0.09132584395127066,0
15,12,-0.3595562024984434,17.019195730930466,0.7021998047383246,0.5560286053206176,0.02487077322087324,1
15,13,-0.3595562024984434,13.324702099709166,0.5739016763277034,0.6231895829792402,-0.004583930072213848,0
15,14,-0.3595562024984434,27.105034787750693,0.06628938066782462,0.9079705211099379,0.01833236342584179,1
15,15,-0.3595562024984434,13.59604028358125,-0.7434381688839394,1.3375083878152174,0.02410502802581356,1
15,16,-0.3595562024984434,22.815865642181244,1.023272997694995,0.6826690401051094,-0.10315274336316833,0
15,17,-0.3595562024984434,18.5561615339143,-2.493167127871738,1.238404957001977,0.018936766160738437,1
15,18,-0.3595562024984434,19.91871984973489,-0.9867328816353128,1.1668244295938968,-0.0638652585942929,0
15,19,-0.3595562024984434,16.838468904740417,0.10563767939368993,0.7590175951041163,0.0004390706856500495,1
15,20,-0.3595562024984434,14.312508257528787,-1.0269607333658863,0.9875684816691436,0.021449310374742014,1
15,21,-0.3595562024984434,15.05340198869434,0.26633092267850744,1.4640452845641643,0.04238609610772607,1
15,22,-0.3595562024984434,12.025325231555618,-0.9364016329851517,1.7336858825270054,0.023351342967951695,1
15,23,-0.3595562024984434,16.901513223576746,1.40373653104956,1.1900905995028728,0.010875994018925306,1
15,24,-0.3595562024984434,19.895595540949007,-0.5480674024973692,1.3010254595903836,0.004063967444070015,1
15,25,-0.3595562024984434,2.856265159563347,-0.8050648958982107,0.5571971200792292,0.07503760483381604,1
15,26,-0.3595562024984434,8.695660566018157,-0.38581007030521786,0.9880109305604124,0.023869462675296577,1
15,27,-0.3595562024984434,9.036267061779736,0.3850393643781426,0.8335028284335317,-0.04277849607945455,0
15,28,-0.3595562024984434,18.267419353630267,-0.6592531345288983,1.0731642815574551,-0.055353393069711807,0
15,29,-0.3595562024984434,18.128211409773073,-1.2239290390854016,1.296923324981457,0.0336840982794713,1
15,30,-0.3595562024984434,12.936286410595898,-0.40229638145760344,0.7201171785528615,-0.01812300328759093,0
15,31,-0.3595562024984434,22.525615025372808,-1.1630387601088954,1.323701456572893,0.03924680838316426,1
15,32,-0.3595562024984434,13.097433626609009,-0.27375433018330014,0.7365382575707653,0.018833452980209595,1
15,33,-0.3595562024984434,17.696165859252922,-0.2449855912229097,0.5484591418156842,-0.031436203185534625,0
15,34,-0.3595562024984434,18.98113579792451,-0.7241115311019349,1.3152940562616269,-0.07639266308687788,0
15,35,-0.3595562024984434,14.179868204600835,0.6103939982207588,1.6039108527196195,-0.005188500232034252,0
15,36,-0.3595562024984434,20.190870575212085,1.0013649942627663,1.5013180722632324,-0.004862954875975326,0
15,37,-0.3595562024984434,13.136042969362608,-1.856213238177153,0.847917031506454,-0.009791796957979753,0
15,38,-0.3595562024984434,14.886087226479999,1.812426677109463,1.167945698519083,-0.05127784143086753,0
15,39,-0.3595562024984434,15.534264720715585,0.06568111788501535,0.6548243953925255,-0.018806960531164162,0
15,40,-0.3595562024984434,18.75900565763443,0.2607705821087093,1.0431784138862914,0.0068332195817632484,1
16,1,0.3125166897969214,22.165045025647267,-1.3861775440207067,1.538599808867187,-0.0681613780146806,0
16,2,0.3125166897969214,11.181169111367307,-2.0922420881197663,1.830920200113998,-0.042526327621768625,0
16,3,0.3125166897969214,8.071699190752136,1.816857591474771,0.6741270279257081,0.04664652039951756,1
16,4,0.3125166897969214,18.294459793811217,0.2350409271801335,0.9532418054272886,-0.03170233507027846,0
16,5,0.3125166897969214,4.489287214818316,1.2070452675571157,1.0481052743810466,0.04996047654670227,1
16,6,0.3125166897969214,15.227336464923352,0.6436082107675347,1.121849430005541,-0.014618575773365686,0
16,7,0.3125166897969214,17.872153697076403,-1.1500018736124493,1.3071062422677804,-0.0027749993059030115,0
16,8,0.3125166897969214,6.204610211212508,-0.12150832772633369,0.7853843348598066,0.06474251009766678,1
16,9,0.3125166897969214,10.773419463917932,0.06237195717524742,1.0927648119657682,0.040495526545196524,1
16,10,0.3125166897969214,13.43481961747975,-0.0006893747913019492,0.7474353457386491,0.05749763779623866,1
16,11,0.3125166897969214,14.391574585860413,-0.12430027830455295,1.8866326623783314,-0.05847169613979359,0
16,12,0.3125166897969214,14.961516639887183,0.7234722504898333,0.5838292921407428,0.004820416484498887,1
16,13,0.3125166897969214,16.978219060973032,-0.8825421393004543,0.5281670471616056,0.023435068303450688,1
16,14,0.3125166897969214,18.443133843626057,-1.0209658446508896,0.6675644136681937,0.017655134999623363,1
16,15,0.3125166897969214,7.074548072358562,-0.4889418746638224,0.8574073829228486,-0.00660434947133354,0
16,16,0.3125166897969214,21.221601581495744,0.2719053932727726,1.0440305658858915,0.05445275676755039,1
16,17,0.3125166897969214,13.547828481456705,-0.6520152347989563,1.1625661386487174,-0.01573827906252413,0
16,18,0.3125166897969214,12.896077033431528,-0.248724518728236,1.0121350307277746,0.006837214392155571,1
16,19,0.3125166897969214,20.543076371134735,0.8705069818255763,1.1301982812554856,0.013063987846790666,1
16,20,0.3125166897969214,12.293791290677804,0.6186179559317605,1.1099375634319748,-0.003955876200026416,0
16,21,0.3125166897969214,10.603034990150867,-0.5154147663308498,0.5542357613674127,-0.011017582986544346,0
16,22,0.3125166897969214,5.5480407099030336,-2.773481648358542,0.7043444304935299,0.04364293260437799,1
16,23,0.3125166897969214,21.288452181127248,-1.2490414415141005,1.0484240965171994,0.022466092952332463,1
16,24,0.3125166897969214,6.068583154524983,-0.09751580310546859,0.7840617094964577,0.08954179839258401,1
16,25,0.3125166897969214,8.409403763740654,0.49913017774995416,0.8761797358648098,-0.003002912183933854,0
16,26,0.3125166897969214,4.352322468417407,-0.9565807109167436,0.9858788060447473,-0.050373373822528524,0
16,27,0.3125166897969214,12.997649512625452,0.45635984197924345,1.2547695370890057,-0.02638265355334968,0
16,28,0.3125166897969214,5.653334355402922,-0.4544524125585635,1.3654439877605098,-0.03719135012630234,0
16,29,0.3125166897969214,20.863641084657782,0.4221962634288811,1.3332159698605002,0.035427411895089654,1
16,30,0.3125166897969214,11.55680328822687,-1.2995501349753489,0.9534814166214106,-0.0667358120404296,0
16,31,0.3125166897969214,9.159261703621603,-0.24874941689828467,2.360787251990823,-0.061253588212302076,0
16,32,0.3125166897969214,16.882946509918,-0.22557057244472956,1.1027490910320414,-0.01977340551358635,0
16,33,0.3125166897969214,9.610971811451858,0.41597984145549516,0.9794063352695296,-0.13420394415314954,0
16,34,0.3125166897969214,14.368091540782176,-0.7370822980464733,0.8793359263107785,-0.029902971319733018,0
16,35,0.3125166897969214,19.548827936591,0.17287626722832203,1.2659902297997485,-0.022639522294610182,0
16,36,0.3125166897969214,10.978387024382666,-1.2061087501175225,1.3047937990598846,-0.145569290054529,0
16,37,0.3125166897969214,13.143250043338934,-0.4433765465907272,1.035278489257408,0.06121468503496598,1
16,38,0.3125166897969214,11.296343430604338,-2.4191859121059194,0.9075351990407461,-0.06010919242155497,0
16,39,0.3125166897969214,13.437758858126486,-0.6976680612142996,0.8572669463775848,0.02423670250210642,1
16,40,0.3125166897969214,30.291220551166024,-1.1174188444885025,1.326750098110219,0.09170444988099594,1
17,1,0.33180602614940763,4.339918675914194,0.450459816330909,1.8809589511529894,-0.01291416197796838,0
17,2,0.33180602614940763,19.566177277506103,-0.7443969049026927,0.8298996399715437,-0.06869215591489289,0
17,3,0.33180602614940763,15.292166498291579,0.327790057706869,0.6869249985165224,0.025781353276285154,1
17,4,0.33180602614940763,11.517946584505868,0.2803242443291899,0.7766114939249926,0.0012060980654839725,1
17,5,0.33180602614940763,20.08692873304728,-0.37141782633117637,1.290710927622932,-0.0005372774427670271,0
17,6,0.33180602614940763,21.25440773346617,0.20332019032370208,0.7961554315626969,-0.03564503584269273,0
17,7,0.33180602614940763,10.504683920739227,2.1411044548349927,1.0667615056970619,-0.05001206159430395,0
17,8,0.33180602614940763,14.56275316892161,-0.42398831628892575,1.4748103133685273,0.005408687626577903,1
17,9,0.33180602614940763,11.953333691178036,-1.2221696895483307,0.7549584129689905,-0.037835623051482,0
17,10,0.33180602614940763,17.259723256130815,-0.6125734208572315,0.9713130804830271,0.006507173074436334,1
17,11,0.33180602614940763,15.898802016840452,0.2673537829868723,0.9848210589068495,-0.036165897674485956,0
17,12,0.33180602614940763,14.916691451173662,0.47993574304777087,1.172250331537596,-0.0857309828085917,0
17,13,0.33180602614940763,17.15920879911163,-0.15171017919113786,1.2374510436121597,-0.0727203387340229,0
17,14,0.33180602614940763,17.560974609339272,-0.08910975739416228,0.6004081810084705,0.01671111985567167,1
17,15,0.33180602614940763,22.43926060966511,-0.14479899274210578,1.2798424183848363,0.028703553694235495,1
17,16,0.33180602614940763,10.696161383647388,-2.4797610786559163,0.8549978622001424,-0.02821223094037341,0
17,17,0.33180602614940763,14.681035953693392,0.5194467720106474,0.6738998350322205,-0.037674183843885045,0
17,18,0.33180602614940763,27.249842056996172,0.13890267032522194,1.0147211070006554,-0.017037973919264565,0
17,19,0.33180602614940763,11.823042442191568,0.4311492802997257,1.0252000565159427,-0.05890900420585863,0
17,20,0.33180602614940763,21.167306574411676,0.963186102179496,1.3531294524585598,-0.04953058104741123,0
17,21,0.33180602614940763,10.116502654527473,0.6831606054826866,0.793213025808853,-0.003634163758271484,0
17,22,0.33180602614940763,18.64400919641815,1.078939174716365,1.4292451256784497,0.04523127903835144,1
17,23,0.33180602614940763,14.141883233361014,0.015873711776051236,1.161476410239359,0.0007787580022897127,1
17,24,0.33180602614940763,17.06149668686962,-0.5264461100966809,0.860369481196767,0.023205692434839557,1
17,25,0.33180602614940763,13.554431385290108,0.5801045566776941,1.0748772002097189,-0.016532965223266777,0
17,26,0.33180602614940763,21.496920604217603,-1.538180616748057,1.2079704673566856,0.012099112451072615,1
17,27,0.33180602614940763,14.824242620678929,1.2041932536512687,1.2857509572214558,-0.02232068230095349,0
17,28,0.33180602614940763,14.175683966438793,-0.3334623179450047,1.0165444625459283,0.07058944648863137,1
17,29,0.33180602614940763,17.39585982336832,0.3877362571450589,1.035631136011446,0.006522063514855687,1
17,30,0.33180602614940763,11.468583060257053,-0.6810844224866149,1.4038540974897664,-0.011071356101613458,0
17,31,0.33180602614940763,3.3142432979870495,0.023633483959246443,1.1445418783084695,0.1355702364850824,1
17,32,0.33180602614940763,7.500492092719694,0.8204839433150154,0.7628877240925991,0.11067130465832221,1
17,33,0.33180602614940763,11.419568527321603,-0.9987490189494527,0.7407928838677424,-0.06625936950489544,0
17,34,0.33180602614940763,23.60717167321053,-1.3241162625273226,1.141279447178747,0.03185602355360746,1
17,35,0.33180602614940763,26.413133565102317,-0.18028049145486658,1.1341638745587974,0.09093232564339135,1
17,36,0.33180602614940763,8.286199544981736,-0.9804496767775135,0.9019016287464707,0.005357286993892716,1
17,37,0.33180602614940763,15.825586521457051,1.4009416833061257,1.159162607774323,-0.07061228190803968,0
17,38,0.33180602614940763,11.61166017181009,-0.2505187226559667,1.191727689574919,-0.036412473404178844,0
17,39,0.33180602614940763,16.277851495696815,-0.11176546662016584,0.7353188599323751,-0.0654891277490954,0
17,40,0.33180602614940763,8.593191505369308,-0.0664532569908824,1.7127952329244984,0.02717952974166473,1
18,1,1.1846646686968036,16.813537212766775,-0.9216337194602545,0.8698139699190929,0.015145005893060979,1
18,2,1.1846646686968036,11.019055404434546,-0.9476835605840714,1.1252017681719697,-0.07222644449483091,0
18,3,1.1846646686968036,9.052876994360311,2.106416591794075,0.6423515353868923,0.03319098804734,1
18,4,1.1846646686968036,11.728253013355605,1.8028286955710653,0.6528893253388439,-0.05475924155051931,0
18,5,1.1846646686968036,4.931081394730903,-0.4531935696241631,0.7684555924045517,0.0027685133173772254,1
18,6,1.1846646686968036,18.387476467152098,-0.0018386984105477832,0.637901885208644,-0.04888475078499464,0
18,7,1.1846646686968036,10.722996540221747,0.6026237011042365,0.7688947942998411,0.04270670358826843,1
18,8,1.1846646686968036,22.49437438065959,-0.4657017070247895,0.9993114784308103,-0.029688441074003646,0
18,9,1.1846646686968036,19.203474442821182,-1.0431423207853943,0.8814013779798314,0.012867252799568425,1
18,10,1.1846646686968036,21.19928870205291,0.025369737567657476,1.1538110844102292,-0.08911768590457175,0
18,11,1.1846646686968036,12.994742825329052,0.45106039500126277,1.1807632342525616,0.03982794246776601,1
18,12,1.1846646686968036,21.678537596080655,1.2536402953382981,0.8778584107747023,-0.06941458651523869,0
18,13,1.1846646686968036,21.654080781787886,1.5081773846462143,0.7407532859030421,0.004202861222920937,1
18,14,1.1846646686968036,13.071717977148278,0.2754437694203668,1.233823905119087,0.04987485229705826,1
18,15,1.1846646686968036,15.391953811678707,0.655571285694444,0.7327167912411332,-0.023808790976392498,0
18,16,1.1846646686968036,22.35010609884043,0.0936402656804959,1.0644057356443937,0.0386060367887819,1
18,17,1.1846646686968036,15.879796113181389,1.5047689411092022,1.0430042819544114,-0.004646514437915746,0
18,18,1.1846646686968036,11.499683494352992,-1.0043624461651757,1.2577381783059651,0.030120147603642487,1
18,19,1.1846646686968036,20.52302807971867,1.1970012514513628,0.6510635731570731,0.06342306222320633,1
18,20,1.1846646686968036,21.16308762836574,-1.2195164544221104,1.3491068348580135,0.002148786173039284,1
18,21,1.1846646686968036,10.588281398620051,0.3687437007648538,1.3071392889610134,0.04339756000991403,1
18,22,1.1846646686968036,17.301751658159148,0.9568143417483281,1.0822853549440292,0.09800641341507621,1
18,23,1.1846646686968036,15.191606277705887,-0.0062177754906219225,1.0056614028611677,0.04888736691428791,1
18,24,1.1846646686968036,20.768646930511807,-0.2804007167577039,1.2731316408638844,-0.07262210877634441,0
18,25,1.1846646686968036,11.35607665739677,0.8110535568620011,0.4999248781851164,0.009476284697261611,1
18,26,1.1846646686968036,21.735553286645775,-0.008822682918537168,1.4178997752976588,-0.007210313513902972,0
18,27,1.1846646686968036,19.75980868958662,-0.8647593372239352,0.9044823255773787,-0.06834055526287797,0
18,28,1.1846646686968036,13.19840554323954,-0.935866336636918,1.126132196741496,-0.03916336080704924,0
18,29,1.1846646686968036,12.321901937543736,-0.724941470758081,0.6193959323573084,-0.12322832428846045,0
18,30,1.1846646686968036,9.16553521003754,0.44913324641241714,0.867548792609637,-0.09827487237708613,0
18,31,1.1846646686968036,22.247720889184134,-1.1138918527466404,1.078047210782502,0.00458874662143148,1
18,32,1.1846646686968036,10.209884989072,0.5853478879224641,0.5902861197859411,-0.026344864336646987,0
18,33,1.1846646686968036,14.123152338261287,-0.878704367214587,1.4914420639715193,-0.036034731869320644,0
18,34,1.1846646686968036,24.685918382027566,0.2675412506958004,1.2995025171676677,-0.03382763650278346,0
18,35,1.1846646686968036,19.12927457163919,-0.625686802968691,1.4983705468655117,-0.05020424786342852,0
18,36,1.1846646686968036,16.67159235397383,-0.6977659038557087,1.2160845436147396,-0.06369423899391444,0
18,37,1.1846646686968036,16.39010742540893,0.03959725520018175,1.128134812844911,0.012671351461011924,1
18,38,1.1846646686968036,14.095506106430262,-0.5630793119920693,0.890589067139682,-0.03124449265750797,0
18,39,1.1846646686968036,8.140359091781106,0.4356370200414502,1.0658788211886598,0.05094149477795717,1
18,40,1.1846646686968036,18.019109987322754,-0.6341491204610847,1.0182436230544538,-0.07862318065517468,0
19,1,0.5517500866823507,9.401449467164623,-1.9026170756671006,1.5928072288446091,0.0063485704325257734,1
19,2,0.5517500866823507,25.924618746032685,-1.9948757492249067,0.7370794580259137,0.010652405677341315,1
19,3,0.5517500866823507,6.924504800346943,-1.4626092669901245,0.9992632719661325,-0.032716919627184954,0
19,4,0.5517500866823507,13.657480557821154,0.8103189261621956,0.9920963859232177,-0.048769972865414936,0
19,5,0.5517500866823507,15.274914716527373,0.08687705999249619,1.0294881836846903,0.04302698837644703,1
19,6,0.5517500866823507,12.061577111935648,-1.095109327128551,0.8222736475597858,0.028569496067110553,1
19,7,0.5517500866823507,15.285395868052033,-0.4471229281735181,1.176674212595447,0.03091666350413614,1
19,8,0.5517500866823507,18.611306652483886,0.9687371136889638,1.1588340095035186,0.03135661964048625,1
19,9,0.5517500866823507,22.475425823128244,-1.2982931215715232,0.7233260187831271,-0.0026094732489444737,0
19,10,0.5517500866823507,15.904017153836552,0.4697297219195281,0.6085073558258719,-0.020382006253443462,0
19,11,0.5517500866823507,15.125190946952765,0.7383444486124322,1.2073829570935948,0.0624208900853932,1
19,12,0.5517500866823507,17.01368390297561,-1.4724677379984603,0.734165986050703,0.07539189369223813,1
19,13,0.5517500866823507,15.421105297360066,-0.2764231788012721,1.0967483085575853,0.04068817095228955,1
19,14,0.5517500866823507,11.415770379601465,-1.6560844320237889,0.9243519310577367,0.06689240588270251,1
19,15,0.5517500866823507,15.203766784531252,0.8025417893320173,1.0652332678241623,-0.0906413354791407,0
19,16,0.5517500866823507,21.459195957013222,-0.5520024285060287,0.7365581806858201,-0.016892641161761673,0
19,17,0.5517500866823507,15.715551292616382,-1.3364424859900355,0.7681892488547842,-0.04158394941962092,0
19,18,0.5517500866823507,15.192174668570154,0.046226758929334644,1.2435301020532978,-0.06710583193554782,0
19,19,0.5517500866823507,14.510039771433284,-0.1528045506562775,0.48190871093447446,-0.11593771617130319,0
19,20,0.5517500866823507,18.084456650545295,0.306979212997554,1.3358188634113595,0.028440070004034805,1
19,21,0.5517500866823507,17.281483986148814,-1.4388730122045148,1.197257635017488,0.024374334434549078,1
19,22,0.5517500866823507,17.456903822751094,1.839769112007526,1.2642907839830897,-0.04269895176861749,0
19,23,0.5517500866823507,13.5335653578114,0.34291209851581683,0.8035742033341765,-0.0325576743450765,0
19,24,0.5517500866823507,3.3307577487600115,-0.9091023064904736,0.819922608934407,-0.05196815143149099,0
19,25,0.5517500866823507,12.012168618320624,1.4468740580018764,0.7887655688162385,-0.050688174178046046,0
19,26,0.5517500866823507,14.946435176705311,0.08088855757941903,0.9507669012595479,-0.021418795297491355,0
19,27,0.5517500866823507,10.531488127076226,-0.8243347483495012,1.4143337090933392,0.08716918034822078,1
19,28,0.5517500866823507,18.55543214202127,-0.3692309536488156,1.3117103172945588,-0.03137315164136132,0
19,29,0.5517500866823507,10.602898926920133,0.4342342779573226,1.254205765345468,0.0014262311106023103,1
19,30,0.5517500866823507,3.9592037674423897,0.4970981090051549,0.7004973658942953,0.010423974903605002,1
19,31,0.5517500866823507,19.27256912536559,0.5314247334280193,1.669580561340762,-0.026616405816890017,0
19,32,0.5517500866823507,13.928618131452296,0.30384794750133587,0.6648461546036833,0.018860326768404163,1
19,33,0.5517500866823507,15.130605807052667,0.793412547327211,1.24513104874464,-0.00819425970639143,0
19,34,0.5517500866823507,6.143852747458003,-0.10750468106897855,1.1404792300097968,0.01760716452788008,1
19,35,0.5517500866823507,13.283272316219328,-0.2944491404434306,0.6900137222665562,-0.02522713560416171,0
19,36,0.5517500866823507,14.34825644204242,-0.0967386266012728,0.7466844132740541,-0.06815388703165491,0
19,37,0.5517500866823507,15.438269825081832,1.1053756397986179,0.7523631601245275,-0.003133766786167952,0
19,38,0.5517500866823507,19.627237613532717,0.24033215279452494,0.7210567946097179,0.014291432292323753,1
19,39,0.5517500866823507,11.868795825375383,-1.6848080157362384,1.0770310782750319,-0.07526023951242881,0
19,40,0.5517500866823507,13.922742155013026,-1.1289170102187274,1.3306768749720943,-0.09446351745165335,0
20,1,0.25432315546393003,23.630413363856245,-1.0110923143094137,0.748032163274175,-0.00755663476574827,0
20,2,0.25432315546393003,14.330574077879977,0.07107688967026692,1.087611751383786,-0.019470776335763343,0
20,3,0.25432315546393003,22.334106941648862,1.5876033592914198,0.8436552490102489,-0.014590784728673095,0
20,4,0.25432315546393003,6.275730705430328,-1.6027272915378512,2.2324477194763843,-0.03464612662001962,0
20,5,0.25432315546393003,14.192531831476725,-1.6807430860128718,1.459737318075301,-0.06518857301177407,0
20,6,0.25432315546393003,21.296985768880006,-1.6082533172374027,1.288108320718651,0.057519546953158876,1
20,7,0.25432315546393003,18.601880926002316,-0.12879928173253466,1.257262990063528,-0.128197165905497,0
20,8,0.25432315546393003,22.738649019474305,-0.6452670542398229,1.276036687123563,-0.020103313612709842,0
20,9,0.25432315546393003,13.246564972030018,0.7603191727532649,0.7668623155396621,-0.014250519900657812,0
20,10,0.25432315546393003,15.765244211140853,-1.8620637291786668,1.2558706278516454,0.006983211213066543,1
20,11,0.25432315546393003,3.2093792414741484,0.3339182667094823,0.6042575649444727,0.01530249953481003,1
20,12,0.25432315546393003,8.011173857275148,-0.6473336598662834,0.6891052773692024,0.003627150158321074,1
20,13,0.25432315546393003,17.727340625905267,1.0489912663761574,1.0688405584880818,-0.061253193323282565,0
20,14,0.25432315546393003,11.92020225833678,0.02405199600468974,1.1186097742250503,-0.06836990380363504,0
20,15,0.25432315546393003,19.340192825776008,-0.7399763602154472,0.9403368202898167,0.008029557554388691,1
20,16,0.25432315546393003,13.539910246415582,-1.3554230158499636,1.343780462793326,-0.03737774801979307,0
20,17,0.25432315546393003,17.807333614376248,1.1366263187448953,0.848359633936288,-0.01395521140798658,0
20,18,0.25432315546393003,10.817850693769618,-0.5194392578388776,1.4846708353698346,0.03829514476860808,1
20,19,0.25432315546393003,9.787658210115891,-1.2886390356087545,1.1281701506198025,0.006907591683838636,1
20,20,0.25432315546393003,20.519286808631968,-0.9258202625556315,1.113792698511276,-0.10184589497823186,0
20,21,0.25432315546393003,17.917043350187086,0.06919462914699617,0.8048326274196145,0.04348499532115925,1
20,22,0.25432315546393003,15.104906482698219,0.17695840500606455,0.6894049577879754,-0.03539860128969524,0
20,23,0.25432315546393003,19.291505284243517,-0.6554410779584997,1.2608940932985375,-0.03412335705914174,0
20,24,0.25432315546393003,19.558212950941996,-0.24909470436585493,0.8754928100510381,-0.024586496820438647,0
20,25,0.25432315546393003,20.8128229126559,-0.4589132204520398,0.5222485712648622,0.09376596448559334,1
20,26,0.25432315546393003,13.41247061249075,1.104321658008177,1.1233932961151742,0.041158453963521,1
20,27,0.25432315546393003,11.312760246428216,-0.7306025801447457,0.8782771255467553,0.08095707247106829,1
20,28,0.25432315546393003,15.292541804867321,-0.9103228480667583,0.9871470221947726,0.0019022716727961943,1
20,29,0.25432315546393003,16.826696983200954,-1.139858478670232,0.955865041501042,-0.018030534075643204,0
20,30,0.25432315546393003,8.40381208538145,-0.32321825453595954,0.5490237030051358,0.044346232506967884,1
20,31,0.25432315546393003,3.909531220740754,0.7622290054083514,1.01119843667561,0.012062653443590643,1
20,32,0.25432315546393003,17.092048266210135,-0.03893403817646827,1.3211024469268693,-0.019387358752370465,0
20,33,0.25432315546393003,21.21621572124007,-0.09362590133935936,0.8573674194582522,-0.054703185382114904,0
20,34,0.25432315546393003,15.686941383957592,1.010904431818208,1.3611077311487954,0.04260466070700127,1
20,35,0.25432315546393003,13.762448378920254,0.7362094396723619,1.0045330521339324,0.0559320579926154,1
20,36,0.25432315546393003,15.977447339193796,0.16987073253389806,1.0767081731502985,-0.020044707114365744,0
20,37,0.25432315546393003,16.115071476428046,1.9113793550242542,1.1227757655685542,-0.19588584353773253,0
20,38,0.25432315546393003,9.974584842479953,-1.5493171325397357,0.8813794272179553,0.010075001424967662,1
20,39,0.25432315546393003,16.431114601333533,1.2197848266242095,1.9511661123273178,-0.059423650167119244,0
20,40,0.25432315546393003,20.996948863449227,0.6806697840709999,1.1712556642144911,-0.04914260371802938,0
21,1,0.40612000030643963,17.073986547127898,-1.2928567237439512,0.8637862273111202,-0.05154261012210806,0
21,2,0.40612000030643963,14.34644966355861,1.1679976875345066,1.2170853286698142,0.012225798003685649,1
21,3,0.40612000030643963,18.845513270498166,1.1635382548641282,1.1064706686367582,0.052857727360434204,1
21,4,0.40612000030643963,18.11588238378934,-0.18259162553833472,1.0295539750063483,-0.06698737554104336,0
21,5,0.40612000030643963,9.927449574786259,-0.8246994594276688,1.0232861520219225,0.10005650333570408,1
21,6,0.40612000030643963,21.589144454136566,-0.5802374163066367,1.2199886740450536,0.027726275433113904,1
21,7,0.40612000030643963,19.188386978701914,1.3197661104411027,0.68267392468439,0.0269863655846269,1
21,8,0.40612000030643963,16.790860571303767,0.4692814549927631,0.8097275666814585,-0.04792005778332507,0
21,9,0.40612000030643963,17.425820630920782,-1.0702992622874015,0.6861490653158436,0.018341444274181922,1
21,10,0.40612000030643963,16.212325681449236,1.4429671442012246,0.6807054694525015,-0.0035287588349858217,0
21,11,0.40612000030643963,11.38062264220086,0.9364164806189785,0.4819158964542686,0.1127911443948613,1
21,12,0.40612000030643963,18.304368187519895,-1.198601550042775,0.9292452150075577,0.06751445544442339,1
21,13,0.40612000030643963,15.283192358796096,0.27288026788800424,0.8740269920589291,0.004193369027463411,1
21,14,0.40612000030643963,20.72406001035629,0.0029396575355114213,0.7230178191481451,0.023505270671076606,1
21,15,0.40612000030643963,12.45951670484829,0.09898386164939464,0.8978619934333224,-0.08543522626018103,0
21,16,0.40612000030643963,11.250989366532787,0.6798339152666216,1.6022768923846906,0.04578876256665967,1
21,17,0.40612000030643963,10.688296114206125,0.4400840219028033,1.281953405233458,-0.009175909903781514,0
21,18,0.40612000030643963,20.30105750009774,0.9106843394082074,0.5146508136386931,-0.028187048330847266,0
21,19,0.40612000030643963,14.876710338173652,-0.1600783398687678,0.9205389485688444,0.0003640136920812255,1
21,20,0.40612000030643963,12.339708453248036,-0.3242073513166394,1.4162526905627795,0.024123336334756114,1
21,21,0.40612000030643963,8.74297620328647,-0.12371078959966096,1.0140291012829874,0.03432274953550967,1
21,22,0.40612000030643963,27.818038988619847,-2.8463485176290346,1.076664806364846,-0.0940122207788646,0
21,23,0.40612000030643963,15.554690509233549,-0.24812764239873913,1.0637049504755276,-0.0863334501890646,0
21,24,0.40612000030643963,11.922945562259546,1.2610814834347077,0.7430964497076695,-0.016697592366893006,0
21,25,0.40612000030643963,12.71726419743306,-0.6783334782002318,1.2074724457094872,-0.005610772460995709,0
21,26,0.40612000030643963,20.912862012052194,-1.3359767674597816,1.3478635974861775,-0.10357779955894426,0
21,27,0.40612000030643963,13.620766339497216,0.4688811707220653,0.862505357811758,0.013496128756265715,1
21,28,0.40612000030643963,9.676316968838945,2.427642736347779,1.0748960392114562,0.02297662093027526,1
21,29,0.40612000030643963,14.596760759980905,-0.46458367599997674,0.8406665389038325,-0.085668507956787,0
21,30,0.40612000030643963,23.218475659986403,0.4469905251208761,1.138044476830291,0.034108309041348255,1
21,31,0.40612000030643963,21.295584889752107,-0.47512563066717395,1.5587106207963504,-0.07440546368887517,0
21,32,0.40612000030643963,21.667447068287732,-1.2582676576302854,1.4283071665682145,-0.12806306289794891,0
21,33,0.40612000030643963,11.670002067540059,-0.45202554682999674,0.6085056849616453,-0.08341982531191999,0
21,34,0.40612000030643963,7.834246938480965,-0.4327964184288827,0.8049707676350997,-0.07919553624536096,0
21,35,0.40612000030643963,13.138276562037449,-0.351113782530197,0.8608529294813068,-0.00799715633643453,0
21,36,0.40612000030643963,12.955899271071015,-1.154604136216193,1.2642881043144583,0.0571613366567484,1
21,37,0.40612000030643963,15.047928554128129,-1.3269105423213103,0.9848377525484725,0.016463770548294662,1
21,38,0.40612000030643963,19.624154220762087,-1.4638187731444634,1.010188917274086,0.04055111067763105,1
21,39,0.40612000030643963,12.220599731158048,-0.08698244702260335,0.7207637744631903,0.02788653077447207,1
21,40,0.40612000030643963,11.165260653024017,-0.010049449677620347,1.52847720496102,-0.0705010703032323,0
22,1,-0.9995866586747305,9.54698386314559,0.9518723797308443,1.1461948593552096,-0.02867285240080534,0
22,2,-0.9995866586747305,18.669153502613717,0.863396302235167,0.595864677842837,0.0017518923975570542,1
22,3,-0.9995866586747305,17.069061151976577,-0.8739420570015114,1.4747213096102596,0.008104128423379972,1
22,4,-0.9995866586747305,19.499017534331514,-0.6333104065484529,0.7414973411992248,-0.04158971192598018,0
22,5,-0.9995866586747305,8.601437045321518,-0.7415299186995502,1.1218839901122746,-0.0558842496775191,0
22,6,-0.9995866586747305,12.61678564311438,-1.375254921363706,0.823083890992804,-0.0955597855579639,0
22,7,-0.9995866586747305,21.452838542534895,-0.5734075125003655,0.9044000032675814,0.0013553246279482782,1
22,8,-0.9995866586747305,17.02927480797622,-1.5305177509839032,1.5989683972860735,0.013446871824991345,1
22,9,-0.9995866586747305,20.9117586520977,-1.800586280289378,0.9578174630024812,0.06762242718403175,1
22,10,-0.9995866586747305,19.8284221431581,0.7084624098423833,0.9647943437548318,-0.04055678299031922,0
22,11,-0.9995866586747305,18.680431805629798,-0.08307340335385492,0.991595491386868,-0.018026560038290382,0
22,12,-0.9995866586747305,11.94530089598449,-0.840802023000759,1.0946776131266134,-0.05538816408755147,0
22,13,-0.9995866586747305,14.433403868242575,0.46800680420090995,1.4176218923237254,-0.014139582372868874,0
22,14,-0.9995866586747305,16.590003868703363,0.5397663979911873,1.3368916554631958,0.03980535202118187,1
22,15,-0.9995866586747305,26.747387591662598,1.3163401372370487,1.1459026415425548,0.010244902966772001,1
22,16,-0.9995866586747305,18.710220799666022,-0.4647023745854466,1.4177453700897849,0.010753812924585819,1
22,17,-0.9995866586747305,14.529915953174733,0.10272084661157133,1.0488423100405402,0.00255761687979876,1
22,18,-0.9995866586747305,15.931560023822009,-0.4341259699296471,1.3055416147004841,-0.030872612868764027,0
22,19,-0.9995866586747305,17.1660725530069,-0.6295311186116901,1.3025852111964367,0.031079692395107043,1
22,20,-0.9995866586747305,14.039817110098594,0.9185030432450391,1.1357617237107651,-0.04228354271543737,0
22,21,-0.9995866586747305,18.667488824417084,0.3827801813350102,1.0928804932782032,0.032654356015142244,1
22,22,-0.9995866586747305,20.511026999242052,-1.0638448426455502,1.2655330232275608,-0.037850157823893935,0
22,23,-0.9995866586747305,27.321880682821917,-0.011035219563766206,0.982532737870703,-0.0038856078130405673,0
22,24,-0.9995866586747305,22.641921838502704,0.5605910568952971,1.7248708611940526,-0.05866465308342576,0
22,25,-0.9995866586747305,16.58334144512612,-0.2189093868520784,1.1250888532483019,-0.08520887509791919,0
22,26,-0.9995866586747305,11.930499292337727,-0.11413339241826377,1.2996121401941603,0.03133985730579173,1
22,27,-0.9995866586747305,8.988893144290147,2.2361559219202647,0.6778807859919105,0.11150637376434462,1
22,28,-0.9995866586747305,20.00216141655499,-0.8726078286874912,1.2619601163573142,0.0946280907351878,1
22,29,-0.9995866586747305,21.17582829877636,-0.6511202703178786,1.2055905192462413,0.10889283449961315,1
22,30,-0.9995866586747305,22.506814620631463,1.4148273061006016,1.1907183756655928,0.02449255047248779,1
22,31,-0.9995866586747305,16.64281629213647,0.09116610538850685,1.781396441205653,0.023456282957643796,1
22,32,-0.9995866586747305,15.175054215695226,-0.16959066352883798,1.1500060197125057,-0.05261081299063024,0
22,33,-0.9995866586747305,14.687599153847435,-1.2573766090976963,1.210967372557407,0.015916585232302237,1
22,34,-0.9995866586747305,19.212627891607653,0.29228131791777456,1.1479513475000294,0.016185227701937133,1
22,35,-0.9995866586747305,4.764958086188709,0.5101272446376279,1.329665883613652,-0.02697252758207222,0
22,36,-0.9995866586747305,6.352389007806488,1.0959462825470425,0.7703131993312115,0.1017323187564323,1
22,37,-0.9995866586747305,2.65231387336466,1.2692768218802524,0.6564680976127862,0.030895317253521952,1
22,38,-0.9995866586747305,12.826980550282718,0.32634951589086886,1.0594699381419506,-0.017063131579380733,0
22,39,-0.9995866586747305,14.41689289627336,-0.6547294266803765,1.4514950203896997,-0.08618263567440121,0
22,40,-0.9995866586747305,21.01590015602466,-1.1951786078230882,0.7184129903616959,0.11463960169058132,1
23,1,-0.3029164620045423,15.24976109183997,1.4749299475399995,1.136436387483302,0.03396396446054551,1
23,2,-0.3029164620045423,17.680110234038366,-0.5741088522860374,1.0012370926675187,0.012461961452423509,1
23,3,-0.3029164620045423,14.427404225246443,1.1594514297370384,0.5904706630569322,-0.029088747927964304,0
23,4,-0.3029164620045423,12.568003040371892,0.7244810218081764,1.0831004324985585,0.014012923631200182,1
23,5,-0.3029164620045423,9.538225810556096,-0.24569366945501536,0.8176005404243232,0.003296054341571132,1
23,6,-0.3029164620045423,16.282525469949952,1.3942405274956071,0.6407582868037888,0.01120505194948285,1
23,7,-0.3029164620045423,14.853267255419787,-0.04548925520648123,1.772496892493901,-0.07707975054802253,0
23,8,-0.3029164620045423,9.72426969017408,1.2717698163480233,0.9373639845893894,-0.00866264374514456,0
23,9,-0.3029164620045423,12.215378822237701,-0.2229463005886688,1.377042561783691,0.003977440277349308,1
23,10,-0.3029164620045423,9.662179258678036,-0.2934445701686243,0.8299242208724392,-0.008459659842602073,0
23,11,-0.3029164620045423,10.754392180971267,-0.08680397020580746,1.4061411659130665,-0.04804420421734663,0
23,12,-0.3029164620045423,21.225715454688814,2.075883353508705,0.9812366661526702,-0.07692444174728899,0
23,13,-0.3029164620045423,16.884190365012273,0.4185812802746118,1.1245604197136183,0.05426886846809223,1
23,14,-0.3029164620045423,17.638838254888004,-0.008424662397136386,1.239869728640654,0.059446260579387206,1
23,15,-0.3029164620045423,10.261422160232838,-1.5691266596424553,0.9016196253963049,0.012508638444455673,1
23,16,-0.3029164620045423,12.136396365464869,-0.6879739983908055,0.7519523573028918,-0.011096772912167875,0
23,17,-0.3029164620045423,21.11314770338333,-1.2537781674706852,1.116580351216073,-0.04293104320292424,0
23,18,-0.3029164620045423,11.592867485260916,-2.0288409042418265,0.8160217329187313,-0.070868863808879,0
23,19,-0.3029164620045423,11.889784673617887,-0.8474879690288617,0.8787465974335286,-0.04985837850210674,0
23,20,-0.3029164620045423,18.341229454922022,1.9307922130516442,1.1945553470941208,0.011960919163009455,1
23,21,-0.3029164620045423,20.889876516345204,1.1380139523893484,1.0429960020086055,6.708413599745746e-05,1
23,22,-0.3029164620045423,21.17850109509592,0.9952682818091456,0.8518442958432477,-0.0184274002193259,0
23,23,-0.3029164620045423,16.114946054114952,-0.4591278726035368,0.7963510407605757,-0.04693683782824983,0
23,24,-0.3029164620045423,11.914745894159347,-0.6145676531118808,0.9970652822139842,-0.0623044549654999,0
23,25,-0.3029164620045423,16.811580808141834,-1.6548956119177511,2.3506939592789613,-0.012592257037834773,0
23,26,-0.3029164620045423,17.569195499214906,0.8680603226816866,0.6941240065200501,-0.05600409065883895,0
23,27,-0.3029164620045423,13.921848902793288,-0.3264490961393201,0.944085450484246,0.05210580486189719,1
23,28,-0.3029164620045423,13.84751767148715,-0.22308487171489252,0.9022672508142073,0.021635531639307214,1
23,29,-0.3029164620045423,18.8252938095189,0.6516893277498409,1.0574927865974564,0.09604100588114144,1
23,30,-0.3029164620045423,24.839044805843944,-1.113168143317082,1.1403277967007541,0.0017761579503479223,1
23,31,-0.3029164620045423,6.635170068992233,0.9848831284073876,0.9436133456569721,0.03668124772546808,1
23,32,-0.3029164620045423,15.215422280355101,-1.6201022111243655,0.9149296546262468,-0.0012964441437589673,0
23,33,-0.3029164620045423,7.113776600420135,-1.5634032929979091,1.503258327050668,-0.0004684892614415931,0
23,34,-0.3029164620045423,15.372725892861208,0.9740625006141883,0.9505546221274811,0.034586478773942865,1
23,35,-0.3029164620045423,13.468817977056387,0.31544668678531534,1.114563134215341,-0.009655867955663155,0
23,36,-0.3029164620045423,25.203405677102054,0.18349012979563506,0.5471414302593388,0.08352239770904815,1
23,37,-0.3029164620045423,17.719739537472535,-1.957008282733211,0.6701854946071685,0.01004863173462352,1
23,38,-0.3029164620045423,9.6955100443583,0.7614585390096842,1.0724315192687206,0.015423697418530271,1
23,39,-0.3029164620045423,22.81611809215627,1.3369485303147826,0.7961631668911057,-0.1169660629963661,0
23,40,-0.3029164620045423,7.2956973050463265,-0.38006524352353843,0.9531203803136373,-0.07474122912920514,0
24,1,0.6826450672107368,18.488428524095664,-0.47064324082921183,1.296781646676497,-0.023232918841736,0
24,2,0.6826450672107368,24.09448744512619,1.7331498804311967,1.2206277227129527,-0.005579645145282265,0
24,3,0.6826450672107368,17.037082314069824,-0.8120616005937216,1.0157447982206793,-0.045537702279779345,0
24,4,0.6826450672107368,18.65664972810035,-2.1405802066811037,0.5769312994051541,0.015737783537206108,1
24,5,0.6826450672107368,17.763605077266988,0.504231625013159,1.3661945186090731,-0.028348471062509067,0
24,6,0.6826450672107368,14.440071839079208,-0.8044484813373723,1.0056177495112404,-0.020799075436319592,0
24,7,0.6826450672107368,16.560924141428952,0.7244151702657231,0.99848523047362,-0.06914918870973065,0
24,8,0.6826450672107368,7.6323792548838245,-0.6979671852504488,1.1057662394489967,-0.06499062564144803,0
24,9,0.6826450672107368,18.00250437662218,-0.2827464096378906,0.9484621413222135,-0.03375175375147735,0
24,10,0.6826450672107368,11.704655490488634,-0.4417875412500198,0.5924355547524195,-0.07287437721377425,0
24,11,0.6826450672107368,19.40250051582757,-0.7320223633743064,1.4365176944524607,0.054923360273304286,1
24,12,0.6826450672107368,13.558111715653311,0.042068922640416014,0.7728403328341089,-0.06543836880741369,0
24,13,0.6826450672107368,14.644782141329886,1.4204064052985763,0.6472398774018815,-0.027436941712683488,0
24,14,0.6826450672107368,14.09726429049067,-1.040294389961607,1.4099510265641073,0.0014823677365054314,1
24,15,0.6826450672107368,11.109764143567899,0.3723071346722849,1.0163671017490703,-0.017934558225123888,0
24,16,0.6826450672107368,17.821946564553166,-0.6016919420849399,1.1627592194848446,0.006704422877721664,1
24,17,0.6826450672107368,13.873183845915388,-0.15379907860860603,0.6991111296742758,-0.023349195181637916,0
24,18,0.6826450672107368,9.942952197396428,0.8206607348015701,1.149687322354271,-0.015183861104976356,0
24,19,0.6826450672107368,12.857201194407383,0.004020853164048964,1.233250910688113,-0.07156280814980795,0
24,20,0.6826450672107368,14.24511285353521,1.584566164236134,1.9123659661413783,0.037061833384439524,1
24,21,0.6826450672107368,17.136070317392928,-1.5192675561259033,0.8101634450764387,0.02664482241594243,1
24,22,0.6826450672107368,16.14463665089677,-1.7970675470809883,0.6050788540123393,-0.0330062037021355,0
24,23,0.6826450672107368,12.78751434407604,-0.3209332280724471,0.7097012378644587,0.048204614234899905,1
24,24,0.6826450672107368,16.507702819588356,0.20866160887658838,0.8383004581445699,0.00011860999255634136,1
24,25,0.6826450672107368,26.30665350836827,1.0019704946746832,2.0420168786238797,0.01226972619239812,1
24,26,0.6826450672107368,13.737392377624005,-0.7100281705421896,0.8363484509042444,-0.06763495200093878,0
24,27,0.6826450672107368,1.0,-0.08938846022098189,1.4411844400285707,-0.11828982492614196,0
24,28,0.6826450672107368,9.353461547750975,-0.9915755737667111,1.1843305201512286,0.019336599049864234,1
24,29,0.6826450672107368,11.785535064702731,0.9094226847934815,0.7517594993274455,0.12289180876039021,1
24,30,0.6826450672107368,20.973497425291107,0.8979129006590982,1.1752377490492227,-0.04176769491696186,0
24,31,0.6826450672107368,21.17672842054654,0.23203476506054999,0.914921415828393,-0.012252212177266701,0
24,32,0.6826450672107368,12.595327888728288,-0.11959607333638085,0.7600955677667622,0.01972046026843345,1
24,33,0.6826450672107368,16.14790507323242,-0.08429490929663802,1.6835002293949028,0.04680866993637514,1
24,34,0.6826450672107368,14.504383084142976,-1.0582899231581384,0.7549378072855892,-0.01506890682103735,0
24,35,0.6826450672107368,8.76637092948269,-1.6222389151452048,1.0104421264333316,0.013554797896880074,1
24,36,0.6826450672107368,15.452138872667806,0.7895562409680984,1.3491630469343476,-0.04256716893266649,0
24,37,0.6826450672107368,16.853289191410088,0.4108185595830052,0.8861283940297934,-0.02802203806695535,0
24,38,0.6826450672107368,9.683662154764903,0.2955815790290555,1.2716633895104483,0.04158623817561028,1
24,39,0.6826450672107368,16.195578853047717,-0.7125446643228077,1.04277974581069,-0.006593812893955768,0
24,40,0.6826450672107368,20.665250061863244,-1.1789273360847774,0.7871171735490624,-0.13321473007156534,0
25,1,1.2222001297276062,6.439470788865408,0.7338975930720323,1.7903921794514146,-0.01410507054721072,0
25,2,1.2222001297276062,15.966438714601564,0.2287590279930729,1.333709214556997,0.07280988772083058,1
25,3,1.2222001297276062,18.949003621786456,-0.2947320086419732,1.6367900119986862,-0.028794666021948738,0
25,4,1.2222001297276062,20.159907197888643,1.1572150324014818,1.3348447275600512,0.003692799375910917,1
25,5,1.2222001297276062,9.444864726358691,1.6068569348681405,1.0589128503446892,-0.11505032859683115,0
25,6,1.2222001297276062,13.068028953132913,1.5691816652180852,0.9490169559030066,-0.0276532491526325,0
25,7,1.2222001297276062,15.204072658562579,-0.5175712673671583,0.6415866132834557,-0.01701638465461111,0
25,8,1.2222001297276062,20.306345471585598,0.5070135473016154,0.8941667301905143,-0.01242250816760648,0
25,9,1.2222001297276062,24.848998954120816,0.872871410017057,1.222151551535539,-0.04299237118193018,0
25,10,1.2222001297276062,16.14843756346249,-1.456904046338684,0.8503964710006522,-0.04610599798740307,0
25,11,1.2222001297276062,21.43534771403035,2.535525923864081,0.8699519160232481,-0.0835696565199742,0
25,12,1.2222001297276062,14.13378573462707,-0.6120601844168472,1.1952379925318173,-0.07490555761309305,0
25,13,1.2222001297276062,13.251086385625156,0.8232716092885479,1.190817722339398,-0.034648242611942895,0
25,14,1.2222001297276062,20.433563760914236,0.669808041637343,0.6442579991550159,0.007389656153386333,1
25,15,1.2222001297276062,23.199767173693346,1.1718398132724452,0.7555481244197845,-0.017024545830680263,0
25,16,1.2222001297276062,24.427584447967956,-0.17820404460283246,0.7481028912027295,0.01044579164984703,1
25,17,1.2222001297276062,11.425195062934762,-0.9504757858448168,0.692406049208185,0.03324739477504174,1
25,18,1.2222001297276062,9.994555841822022,0.007060028280709488,1.2881340988667234,-0.043858412785819256,0
25,19,1.2222001297276062,23.379959970845494,0.17928039753528544,1.1928159345566125,-0.048529232443581,0
25,20,1.2222001297276062,4.392769857168773,-1.1366831828854367,1.4269590768385947,0.05123968489442385,1
25,21,1.2222001297276062,13.953877016849555,1.2703790649155728,0.7827362515946202,-0.06119176142965711,0
25,22,1.2222001297276062,11.908601876582768,-2.1198035667095025,0.805856049968566,-0.0960548506416766,0
25,23,1.2222001297276062,22.052387370475728,0.5743449288724014,0.6551903460689187,-0.0564439881323555,0
25,24,1.2222001297276062,15.701794965876088,1.111601926409665,1.9191424186486927,-0.09065505819128455,0
25,25,1.2222001297276062,17.69942934809277,-0.5531579200627205,0.9906300860882163,-0.09274669313493204,0
25,26,1.2222001297276062,15.90819556190131,-1.685998103259397,0.699550637613866,-0.08803161271107676,0
25,27,1.2222001297276062,13.727540443983832,-0.16246128126548476,0.6172241444838996,-0.04232738102645714,0
25,28,1.2222001297276062,17.935559265799274,-0.1907172899163495,0.8057447387019491,0.005824959959578487,1
25,29,1.2222001297276062,10.315079405285339,-0.4455152900326994,0.8166257304946744,-0.028599687455306853,0
25,30,1.2222001297276062,9.79418922746302,-1.2381874444279397,1.1163178946379149,-0.06597159577368623,0
25,31,1.2222001297276062,12.846926501237949,2.902783371122064,1.4870994228235213,0.09225512163372078,1
25,32,1.2222001297276062,14.030018423747736,-0.14344635392619773,1.028149677094778,-0.03930582564271602,0
25,33,1.2222001297276062,11.355479764391,-0.617768125755908,1.0914964143887522,-6.352128761911296e-05,0
25,34,1.2222001297276062,15.558938489011965,-0.5782423770921399,0.9066759676396166,-4.905986044843533e-05,0
25,35,1.2222001297276062,26.067304865735437,0.5207485346545585,1.463432977285017,-0.03790951134988162,0
25,36,1.2222001297276062,13.650353356335167,0.06816293145550302,1.0751071839233228,0.0034761764837225283,1
25,37,1.2222001297276062,19.522450255413567,-1.3958152785826539,0.9227917187750473,-0.019382466167699817,0
25,38,1.2222001297276062,13.489536442678462,-0.5132336944879625,2.208165304651206,-0.04806749583347532,0
25,39,1.2222001297276062,20.853724030911184,0.36629829843673584,0.7935212645688828,-0.04919535883562666,0
25,40,1.2222001297276062,9.249187623649727,-0.4971360944125516,1.2117758299846018,-0.02295558277540688,0
26,1,1.4306218903694354,19.509071369932347,0.7923821874017702,0.7896852677505718,-0.10980402183277242,0
26,2,1.4306218903694354,16.777415619400486,0.3132441025989579,1.0019667183647913,-0.018791465526727596,0
26,3,1.4306218903694354,17.075237128890524,0.9462662062414845,0.774693933250527,-0.009378882745636592,0
26,4,1.4306218903694354,8.683453481245376,0.7631427200759436,1.4135708125901403,0.001675191450928766,1
26,5,1.4306218903694354,12.678791363682823,0.4403599720315692,0.9336004597950759,-0.002953047887936277,0
26,6,1.4306218903694354,21.821793005563663,1.5542083941835079,1.067121181518088,-0.03381908354172235,0
26,7,1.4306218903694354,7.353908088384566,-1.4205212336531645,1.4731395082579282,0.042296272847279895,1
26,8,1.4306218903694354,12.962694206393426,-1.5847016322404568,1.4993145960370586,-0.08189165516157818,0
26,9,1.4306218903694354,17.27917839683484,-0.8620578528471442,1.1440545627301222,-0.070343952255243,0
26,10,1.4306218903694354,24.834788212776772,-0.39014490659938045,0.7450825347291513,-0.03046384596666547,0
26,11,1.4306218903694354,21.043468869909717,-0.24422891381091236,0.5729809407364249,0.05660766256055825,1
26,12,1.4306218903694354,21.85742908453889,-1.8580288323403655,0.935268308171487,0.01813364939088616,1
26,13,1.4306218903694354,12.664692493481574,1.3112537986611792,0.7943032367151934,0.046804792432394195,1
26,14,1.4306218903694354,15.956386872177303,-0.034153792716865077,1.1883324259348929,0.06019563812458817,1
26,15,1.4306218903694354,11.275206000437874,0.1499123170474679,0.642221764525075,-0.061363936354715695,0
26,16,1.4306218903694354,13.45320608661039,-1.172645868005215,1.2259682839849482,-0.1679061759189034,0
26,17,1.4306218903694354,15.548920779563444,-0.3057048644324431,0.5546514638949783,0.006504437256679114,1
26,18,1.4306218903694354,11.20012095373127,-0.45938395606431087,0.9894975268899672,-0.07575110379438749,0
26,19,1.4306218903694354,21.579023502852984,0.22230889725624442,1.4762855136716968,-0.0382301575782598,0
26,20,1.4306218903694354,15.207355209888973,1.0345369639652735,0.9856601526381843,0.020548745978648867,1
26,21,1.4306218903694354,13.154444572574965,0.025998065248818963,0.9855964782135781,-0.0762658261821674,0
26,22,1.4306218903694354,10.571471482998264,-0.8359414797457463,1.5845845010725519,-0.043686874995902944,0
26,23,1.4306218903694354,21.264297548833582,0.2852798801893657,0.554065267589551,0.02896741842224379,1
26,24,1.4306218903694354,18.24389869338328,0.09364042980737079,1.0309899514640064,0.03533690781066823,1
26,25,1.4306218903694354,13.502344840805605,-0.9350750053519268,1.6295244621272753,0.013748376887865493,1
26,26,1.4306218903694354,8.925223481904345,-0.05326918123279148,0.7700335537444027,0.049144289129462074,1
26,27,1.4306218903694354,18.92550846528459,-1.8006265314628367,1.0906759526579604,-0.06016160060186915,0
26,28,1.4306218903694354,14.142291922905736,-0.028964694695172294,1.1767326422080828,-0.032295821567698564,0
26,29,1.4306218903694354,19.70336146123521,-2.973776717375659,1.1226992604943615,0.006247908784539721,1
26,30,1.4306218903694354,15.02059370539437,-0.48865295343031767,1.1297926371405458,0.021823268223044635,1
26,31,1.4306218903694354,22.02624355413306,0.733887703077363,1.6013489495744517,0.029401235590636465,1
26,32,1.4306218903694354,14.672656295624954,-0.6096792616995059,0.6362857090431633,0.028811069271350177,1
26,33,1.4306218903694354,22.869978586834108,0.13169787924576135,1.2963820583825039,0.08114960254324458,1
26,34,1.4306218903694354,18.948255083361076,0.17224345386772463,1.527845874805879,0.009627107401056819,1
26,35,1.4306218903694354,8.221784812381621,-0.28468969944415173,1.468926879966187,-0.075089170447891,0
26,36,1.4306218903694354,13.472053615560581,-1.280138006097886,0.9841610592555842,-0.009871960227495109,0
26,37,1.4306218903694354,22.7311505028193,-1.2873085180963404,1.015654613422089,-0.057801998088393355,0
26,38,1.4306218903694354,16.3436406012556,-0.8726524924380595,0.8310887024639383,-0.06676990288458004,0
26,39,1.4306218903694354,12.331753099531927,0.3540640156687037,1.1672073209704088,0.04109072340097322,1
26,40,1.4306218903694354,15.417970776994009,0.937878995401157,1.0078508572941052,0.07343739806052083,1
27,1,1.056910776426414,20.723897394759614,-1.052715709401486,0.909536949939973,-0.002567535539870474,0
27,2,1.056910776426414,16.86081028760368,-0.7163097629391751,0.7904679573673609,-0.0007118757048079558,0
27,3,1.056910776426414,14.026483138690303,-0.42904295819296684,0.9473894037467852,-0.040168560875466996,0
27,4,1.056910776426414,6.5238651616974295,1.3623407029209853,1.9666922131806333,-0.029955571266868347,0
27,5,1.056910776426414,23.378468032887312,-0.6756008925510238,0.7747280945002298,-0.11005833601824712,0
27,6,1.056910776426414,10.350503869979525,0.9708747389108918,0.6660218997845917,0.029461603659272924,1
27,7,1.056910776426414,20.28295457070251,-0.43910708858890185,0.9898825592633843,-0.04483550985724262,0
27,8,1.056910776426414,7.240746466173222,-0.3761282485638052,0.7053164091047502,0.013753368561109886,1
27,9,1.056910776426414,12.220626107597198,-0.5721704060816404,0.5027537187466393,0.0038718226554790326,1
27,10,1.056910776426414,10.653744890995767,-0.22928527444805624,0.8560208946965392,-0.11677525252285782,0
27,11,1.056910776426414,19.265737419033687,-1.1377081875196926,0.7549747977540694,0.03598769277619776,1
27,12,1.056910776426414,12.09589792477794,-0.17158487654872495,0.9574685567711807,-0.0017412710368438257,0
27,13,1.056910776426414,17.826835626738536,-1.001295090946598,0.9365576789599859,-0.0037983385549256454,0
27,14,1.056910776426414,23.70577271883638,-0.11394089347066731,1.1932392169993735,-0.09242848354034328,0
27,15,1.056910776426414,15.615019378139532,-1.952222205313483,0.6459752006078208,-0.022148434363026253,0
27,16,1.056910776426414,10.54791545815066,-0.7150733505605669,0.8811547953892448,-0.05801384405018448,0
27,17,1.056910776426414,13.417366682300687,-0.3571686139747487,0.8485996700957824,-0.01747981548437867,0
27,18,1.056910776426414,9.958757950714531,-0.5412397290574541,0.8690818807327149,0.0813837556573805,1
27,19,1.056910776426414,19.190134619903706,-1.9217451711408577,1.5291456004084576,-0.08525782574136095,0
27,20,1.056910776426414,18.48160246686116,0.1018107221533216,1.5817307044891258,-0.10221610909398701,0
27,21,1.056910776426414,16.51439295079507,-1.5944923325430922,1.0271023585989774,-0.032112553494927344,0
27,22,1.056910776426414,9.6960760472793,1.9832969640566072,1.1093567402130848,-0.005721640403282725,0
27,23,1.056910776426414,4.008296641418873,1.2762975934768706,1.1993222182851337,0.01037890550462903,1
27,24,1.056910776426414,13.212751497722222,1.782238316467859,1.2402024775845353,0.06703737076576913,1
27,25,1.056910776426414,13.353405513510621,-0.06746204724199024,1.282304957947102,-0.0544668537651401,0
27,26,1.056910776426414,10.102276908583065,-1.991287402139044,0.7037781687276594,-0.005308252055110409,0
27,27,1.056910776426414,10.508913148178497,1.7717885136651936,1.1621028525598645,-0.06571006282390755,0
27,28,1.056910776426414,13.103812644785144,0.16575894758422907,1.3053199604986485,-0.08125268108420627,0
27,29,1.056910776426414,18.921234294611555,1.7806751228475974,0.6269261509060374,0.008128890201784679,1
27,30,1.056910776426414,4.538880207788507,1.2153695283339805,0.9608665259128693,0.033355951029533044,1
27,31,1.056910776426414,12.504442088883001,0.3336509130750531,0.5710171522439997,-0.03534161812102574,0
27,32,1.056910776426414,19.490116228230068,-1.0480898314086153,0.5384802811581532,-0.08152968508576793,0
27,33,1.056910776426414,4.0979678964928485,-0.915483000318418,0.8893894952022972,-0.08495291489390695,0
27,34,1.056910776426414,14.192989231242882,-0.2515075503552605,1.2834524248906762,-0.04308548203884903,0
27,35,1.056910776426414,15.156397328374476,0.042866035667830864,1.4208473260459211,-0.0275418787460662,0
27,36,1.056910776426414,15.516093376961951,-0.15347421493822966,1.0426293234410238,0.011265627325108496,1
27,37,1.056910776426414,24.085587810464077,0.2711460007159434,0.6983317944566405,-0.05683137853595732,0
27,38,1.056910776426414,14.859958001624637,1.4366853895498006,1.2947024209992546,-0.0791375215855497,0
27,39,1.056910776426414,11.548065638236174,1.829828397769726,0.8243474466823748,-0.06567056152612555,0
27,40,1.056910776426414,12.749901166768545,-1.661335143262139,0.974490942900455,-0.1124030399079472,0
28,1,1.614669957376959,15.200126886763892,0.47249075794133166,0.9476961280373977,-0.05365826558298056,0
28,2,1.614669957376959,10.40791298901561,0.9762768440639474,1.4320198260805712,-0.02231622843488506,0
28,3,1.614669957376959,7.274508827930434,0.14106908357214293,1.5407598405787168,0.03703325151373133,1
28,4,1.614669957376959,10.960375022095253,0.5196835850055127,1.1668795280262885,0.049456877998728596,1
28,5,1.614669957376959,13.569438808541104,-0.6743625041844628,1.314731857817538,0.022844458876073424,1
28,6,1.614669957376959,23.266758893155394,0.09065448072849377,0.9835335277902891,-0.056419192110758104,0
28,7,1.614669957376959,11.804517014229278,-0.14229001529051022,0.718701648308434,-0.03559280532580709,0
28,8,1.614669957376959,11.970153193842904,-0.70153235592225,0.9605367186480506,0.005600036195152851,1
28,9,1.614669957376959,8.093104120174635,-0.49699823883358896,1.3996005397522184,-0.009563293300833588,0
28,10,1.614669957376959,21.700344318120283,0.4304388564081436,0.9459314706738472,0.03416279609894786,1
28,11,1.614669957376959,16.83998801209581,-0.3353067976306633,0.8610059969051835,-0.07402785757562418,0
28,12,1.614669957376959,19.027517813790702,-0.06483971368367947,0.9044815946760076,0.0025243269551696625,1
28,13,1.614669957376959,17.349578567353745,-0.2097599642124896,0.7420832703665043,-0.011193089292277738,0
28,14,1.614669957376959,11.4391774407979,-0.46000004304538017,1.2785647835672174,-0.023369245595387222,0
28,15,1.614669957376959,16.038461978214666,-1.106818229252676,1.577022665729998,-0.017613986325711994,0
28,16,1.614669957376959,10.057890355307878,-1.270788078503744,0.7821575344162038,-0.09142336560450448,0
28,17,1.614669957376959,17.36758439386864,0.16814874159013254,1.1765945966705023,-0.004174830224291579,0
28,18,1.614669957376959,20.990067269083454,-0.4070816490393077,0.6491425385042444,-0.046047169886588704,0
28,19,1.614669957376959,27.921168396999825,-1.239222383834577,1.330207888656468,-0.0510249300226731,0
28,20,1.614669957376959,10.572935192649359,-0.5675475480457912,0.9530760308691183,-0.038866499614191426,0
28,21,1.614669957376959,21.17430779973868,0.4043415676453417,0.7750633900587035,0.07640512032138325,1
28,22,1.614669957376959,19.39300376711179,0.5101534907769493,0.8380254834302915,0.002340177795179931,1
28,23,1.614669957376959,9.181796238090868,-1.6538234735707218,0.9050589645006468,-0.00732826329928812,0
28,24,1.614669957376959,16.22185187564872,0.5504052244633417,1.094564952989925,0.06811754819739217,1
28,25,1.614669957376959,21.815217781838097,-1.876941499319547,0.731569423625475,0.022191981173178353,1
28,26,1.614669957376959,11.858134468730755,-0.6098836052322573,0.8590818478559634,0.032944867785867804,1
28,27,1.614669957376959,17.207714188851696,0.8629074833132019,0.7032924433479665,-0.06415338478753659,0
28,28,1.614669957376959,14.208270493902212,-1.0694228480496535,1.2853994994676479,-0.03561447693105302,0
28,29,1.614669957376959,16.766053294555732,0.9100345785669174,1.090129075271221,-0.02347147303356171,0
28,30,1.614669957376959,11.359848094047782,0.12323464735772062,1.177938317288027,0.025310015524676162,1
28,31,1.614669957376959,15.459213734421485,1.8849435978256917,0.8707715071462556,0.06312155822566252,1
28,32,1.614669957376959,17.405209350562146,1.5941294318659374,1.6970918293789259,0.0169932721600859,1
28,33,1.614669957376959,12.3033881347435,0.38272452113505867,0.8073499633641835,0.02167569441757046,1
28,34,1.614669957376959,10.87365740944273,-0.2381479782606762,0.7572689869654887,0.028354786118143262,1
28,35,1.614669957376959,14.676367458084957,1.2914517387225455,1.226939271608551,0.008910316272087992,1
28,36,1.614669957376959,12.494469024734991,0.3702064330821861,0.691130939167756,-0.08259706956371249,0
28,37,1.614669957376959,15.182407156087022,0.770611852402071,1.376245975294318,0.015603665556265332,1
28,38,1.614669957376959,11.221615787672684,0.5187412458627955,1.1094494913074375,-0.05313383420750105,0
28,39,1.614669957376959,19.482079390784893,0.28540028633517334,1.114350629582703,-0.05844431933345122,0
28,40,1.614669957376959,16.356677391496312,-1.0870852105034365,1.3717359672427687,0.008383461959522616,1
29,1,1.9361543390847333,7.952990346265102,0.9224807011498842,1.436508796812192,-0.06198752548841663,0
29,2,1.9361543390847333,22.282674464804785,-0.6072253186295397,1.0696382009226963,-6.135173389847787e-05,0
29,3,1.9361543390847333,10.838831644653185,1.4433183911259149,1.096312216877591,-0.033968577537646816,0
29,4,1.9361543390847333,13.310339979521952,-0.5291689420258414,0.8295188081513772,-0.030554461152513975,0
29,5,1.9361543390847333,20.753824203533917,0.12957522340435745,0.5158272946543926,-0.04200820636975074,0
29,6,1.9361543390847333,11.030979882963665,1.5399420635286831,0.8819013405921945,0.007843343290564665,1
29,7,1.9361543390847333,25.308248412564588,0.42124904441761857,0.5997667819630479,-0.0400385005576611,0
29,8,1.9361543390847333,3.3677317320057387,-0.8236041979299326,0.9330571450021558,-0.03983648157181285,0
29,9,1.9361543390847333,1.0,0.9855135741092018,1.4852175987952503,0.003855062401263168,1
29,10,1.9361543390847333,16.118370727074016,-0.05950409830095784,0.9489853846268738,-0.036161099139590716,0
29,11,1.9361543390847333,7.8221943128455855,0.7363297379155773,1.1709861782846183,-0.10423068190240331,0
29,12,1.9361543390847333,15.405648723751257,-0.42310282978153557,0.9127584305778641,-0.05837221913047957,0
29,13,1.9361543390847333,10.786901015385164,0.29606280921832173,1.0709478240757753,-0.07003864501912574,0
29,14,1.9361543390847333,13.49554288943059,1.562709275299761,0.9472108053549533,0.009443240753779565,1
29,15,1.9361543390847333,16.44629550384193,-0.00252738736488463,1.380543406627223,-0.00882501161461128,0
29,16,1.9361543390847333,15.498619904482219,2.258815777966614,1.0291404375802626,0.017204448085193027,1
29,17,1.9361543390847333,13.73200538279689,1.3183501906867248,0.566859247660135,0.01187455650653391,1
29,18,1.9361543390847333,12.625759624407698,0.6183044415587386,0.7576484955096273,0.031799618818249595,1
29,19,1.9361543390847333,13.93533336703157,0.10613158854957655,0.9127733803530739,-0.018853241930444135,0
29,20,1.9361543390847333,11.576270583037935,-0.55411812643677,0.7382043686912128,0.0064697312248125464,1
29,21,1.9361543390847333,20.897118651256545,0.6830087197213822,1.0475937855509645,-0.0126175937938456,0
29,22,1.9361543390847333,9.67918835474716,0.03699138665061463,0.8743279185384333,-0.03017212910702714,0
29,23,1.9361543390847333,16.37513530560318,0.3490955547853162,0.576029503028078,-0.12650342059080158,0
29,24,1.9361543390847333,16.66019186100482,1.1907939341286027,1.2301953387711744,-0.014936366478966585,0
29,25,1.9361543390847333,6.116626012593277,-0.4273680912140522,0.9207540714319985,-0.004210359256977391,0
29,26,1.9361543390847333,16.594958420241742,0.580077701884169,0.8152822695769811,-0.029432531486248456,0
29,27,1.9361543390847333,20.670034099506182,-2.019329892200996,1.0170060234918532,-0.05344120613825167,0
29,28,1.9361543390847333,13.901306589520651,1.281219888019985,0.9607540843709267,-0.009445576406399786,0
29,29,1.9361543390847333,18.37228681118006,-1.2700476115939385,0.7052703146320163,-0.1077702831716617,0
29,30,1.9361543390847333,14.667612977496367,-0.09258942338037028,0.9253058181899226,-0.0019981766507053203,0
29,31,1.9361543390847333,15.806453982012044,0.3282544738101332,0.6909593369347115,-0.0043161997547718454,0
29,32,1.9361543390847333,19.27390045602204,0.3696973541488713,1.81858254700079,0.10040122638971662,1
29,33,1.9361543390847333,14.1670833381385,0.4516207460029741,0.9747940062511916,-0.06848033621049933,0
29,34,1.9361543390847333,17.828014988420577,0.5314240038211964,1.0919439872608379,-0.08469109840819762,0
29,35,1.9361543390847333,7.239827296144091,2.0733948580811488,1.3848226813414464,0.12406397820250561,1
29,36,1.9361543390847333,15.501692337701906,1.339627726304564,1.5438648354110864,0.09666885923522427,1
29,37,1.9361543390847333,6.137686409031838,0.6857476350806772,0.9001929081159887,-0.008961815787820144,0
29,38,1.9361543390847333,12.920738071238407,-1.8678675927680242,1.5674777240135245,-0.05316763925754467,0
29,39,1.9361543390847333,11.583352123589673,-0.5315219241951155,0.5161333986078045,-0.1102172916805434,0
29,40,1.9361543390847333,17.070573217354042,1.6319293621081006,1.4096680883934898,-0.037616462014804175,0
30,1,1.7844959780141492,12.886712497266261,-2.1074308932448007,1.770691268350042,-0.025504156020319024,0
30,2,1.7844959780141492,24.29777471182406,-0.515903375491901,1.1493737026753335,-0.0043887836698231,0
30,3,1.7844959780141492,13.033978403688945,-0.6936401279349796,1.1712820242465245,0.06158705455023659,1
30,4,1.7844959780141492,9.69687593747008,2.093162655810762,1.1737906076618592,-0.0031146116827615363,0
30,5,1.7844959780141492,4.573614434071365,-0.5244890536546931,0.7511707865590495,0.03756181618570226,1
30,6,1.7844959780141492,14.873710102785115,0.08787093104729264,0.8514412832006857,-0.05295382560970634,0
30,7,1.7844959780141492,13.324159315037345,-0.6765085985485735,0.9618159783331243,0.04728875498502105,1
30,8,1.7844959780141492,18.84877195646218,-1.5799788727853545,1.4469054741799248,-0.08851047051737229,0
30,9,1.7844959780141492,19.36754365541575,0.03440199244182294,1.2920948805876407,0.006626586591071418,1
30,10,1.7844959780141492,18.84646050590917,-0.796540096720543,1.279329361588821,-0.056212909409475584,0
30,11,1.7844959780141492,10.393926291213853,-0.9868986519162469,1.1977725415549456,-0.009379935326058034,0
30,12,1.7844959780141492,8.784214420534624,-0.18307049553782745,1.0807188593358021,0.011801726156300572,1
30,13,1.7844959780141492,12.882524902296883,-0.7580191119376577,1.036646411480067,-0.016295877843164927,0
30,14,1.7844959780141492,10.450732565762518,-0.4058509197500508,0.8495082206665617,-0.12709834128014963,0
30,15,1.7844959780141492,15.670025469543829,-0.9948066836487609,0.838198746990539,0.031072202941195455,1
30,16,1.7844959780141492,13.500243126385095,-0.374459033771729,1.1495369252312424,0.01707451351887812,1
30,17,1.7844959780141492,18.569355106554198,0.1419518970300534,1.5851020788944528,0.004334196860496381,1
30,18,1.7844959780141492,12.36907019291818,-0.4349405181391845,0.9898954606545263,-0.043955402330669927,0
30,19,1.7844959780141492,5.735434479278576,0.8346054472355718,1.4936111761431654,-0.07087484869100946,0
30,20,1.7844959780141492,18.425287169410517,-0.24753969279866542,1.1288243387673476,-0.04338293453353726,0
30,21,1.7844959780141492,27.86403219514982,1.1011048251385855,0.7374210500899945,-0.10249382952046114,0
30,22,1.7844959780141492,18.1916101926399,0.191741563779985,0.9008218284351421,-0.07785073241822826,0
30,23,1.7844959780141492,7.208990434312984,-0.8341968992635439,1.3292866971856359,0.01836605075287789,1
30,24,1.7844959780141492,7.560207545520363,1.2590928407799236,0.9943958915182942,-0.1774980835409732,0
30,25,1.7844959780141492,23.011259397978097,0.18814233622114157,0.875351363081501,0.0005297192962102105,1
30,26,1.7844959780141492,14.313777891683332,1.450765352778919,1.0664169500214034,-0.0752031656767223,0
30,27,1.7844959780141492,14.944185342160285,1.5325681503654094,0.9853152411319176,0.017778621130845183,1
30,28,1.7844959780141492,12.125378806549676,-0.5364442094602472,0.9290130687705602,-0.0473515191059283,0
30,29,1.7844959780141492,19.96119739839095,0.651406820828607,0.6308719141857116,-0.012075158155084111,0
30,30,1.7844959780141492,16.051245512440822,-0.6741832690293891,0.9367849553637785,-0.09688795671643968,0
30,31,1.7844959780141492,8.973776889902249,-0.5704455960212849,0.8835618538852157,-0.036301877086045715,0
30,32,1.7844959780141492,12.48573642689958,-0.8275310762444251,1.1614695958161183,0.02620070350647909,1
30,33,1.7844959780141492,13.549686525180661,1.8232736121629922,1.1286235557151862,-0.0013667137410104304,0
30,34,1.7844959780141492,12.623151034586563,1.5163466037708806,0.9767723905787129,-0.06268030447691633,0
30,35,1.7844959780141492,18.712083530224863,1.4880943373817828,1.8969249859630288,0.02248459829770327,1
30,36,1.7844959780141492,10.636348254195372,-1.2666600932446757,1.2099785551828977,-0.0769412376233547,0
30,37,1.7844959780141492,12.850058257393913,0.6129223067039905,1.1601184452364344,0.037518805495736586,1
30,38,1.7844959780141492,23.21273765916252,-0.34810666971351767,0.5525838127750258,-0.0459984122158706,0
30,39,1.7844959780141492,23.697169224341074,-0.6234022785393996,0.559291630299179,-0.014826372640791396,0
30,40,1.7844959780141492,24.505967297554257,-0.11467528840698736,1.288125904461204,-0.07229195500502962,0
31,1,1.430665370108709,17.091948540299434,0.23636674899684085,0.6898925439198633,0.025412468962109743,1
31,2,1.430665370108709,19.197569201291643,0.13192454009836524,0.7660598637351969,0.03920532794233457,1
31,3,1.430665370108709,11.01106379868093,-1.025566939971789,0.7708510258272722,-0.017852572164054843,0
31,4,1.430665370108709,11.499084953754455,-0.29727330117813705,1.235017450235398,-0.026250837219770937,0
31,5,1.430665370108709,7.556650481457079,0.7504581581949838,1.1942115018085167,-0.13123265117453115,0
31,6,1.430665370108709,17.488409856162217,1.527195654082608,1.118391492285733,0.08447197449985283,1
31,7,1.430665370108709,18.591055906734667,0.5499644533631322,1.1552505892566722,-0.038456789280677584,0
31,8,1.430665370108709,17.986855900439654,-0.4850848356146159,0.7219884667802661,-0.029440302647406952,0
31,9,1.430665370108709,13.367256716501302,1.8526095816628252,0.986145257970258,0.12513979802862393,1
31,10,1.430665370108709,13.109764312781216,0.9112617665592121,1.9666018316078986,-0.007062663995667172,0
31,11,1.430665370108709,19.770142366253978,-0.2140731808407175,0.7725316082974253,-0.0978438020301044,0
31,12,1.430665370108709,9.966710841524268,-1.3117293903685188,0.5920996431830925,-0.03249207256615078,0
31,13,1.430665370108709,16.04011344583658,-1.9362390165733292,0.7163925641330172,0.007768047050187042,1
31,14,1.430665370108709,21.164812062296413,1.6771480959814828,0.7886884740291498,-0.046980133059810296,0
31,15,1.430665370108709,17.685060150986818,0.9867531411396279,0.890317763811577,-0.04679548936103148,0
31,16,1.430665370108709,17.06065208315053,-0.28276190162938364,1.090389623996624,-0.09350829999193429,0
31,17,1.430665370108709,17.58905686675002,0.39051263141023457,1.1128643231758761,-0.12004481458660203,0
31,18,1.430665370108709,17.39618514435449,-1.0663782579399514,0.9305859204306414,-0.04379140805593225,0
31,19,1.430665370108709,14.349283588983619,1.1557349409071005,1.0253183650141242,-0.10187116846241498,0
31,20,1.430665370108709,6.626668932366653,-0.8814052819005003,0.9291315005812506,0.09018966077653859,1
31,21,1.430665370108709,5.685141270854427,-0.952586561467806,0.7267202280017409,-0.09325437197414081,0
31,22,1.430665370108709,16.374345650080226,1.287433179230036,1.033102218959862,-0.03558228632829723,0
31,23,1.430665370108709,13.841091058601345,-0.799952655819374,1.3422207943132074,-0.015602328232872154,0
31,24,1.430665370108709,24.099345549326515,-0.046413144171154774,1.4824811680640277,-0.013210649180081743,0
31,25,1.430665370108709,15.74146849933545,1.153926496571653,0.696795129248106,-0.05806670228080788,0
31,26,1.430665370108709,25.833239753685756,0.23014622444070665,1.1574555422721622,-0.012128701615921222,0
31,27,1.430665370108709,10.870988698800154,1.2146297273732056,0.9159395663967304,0.025056621707208092,1
31,28,1.430665370108709,22.271613553195216,-1.0547225850302764,0.8692678006841187,-0.08768809023223903,0
31,29,1.430665370108709,17.579972665671267,-0.059055313042704734,0.8281634170149749,0.05406697484064915,1
31,30,1.430665370108709,21.878434752813394,0.8343282355817956,1.19040645524181,-0.026586625964085918,0
31,31,1.430665370108709,10.873291714893472,0.34261242068664033,0.7611115860473626,-0.07840523052072924,0
31,32,1.430665370108709,11.194084562001283,0.12833670673312558,0.5774449828812112,-0.07838644392731724,0
31,33,1.430665370108709,12.444718335967337,-0.3367444412510734,0.8228920775161501,-0.0876101584068348,0
31,34,1.430665370108709,22.67202855768809,-0.2382896897963913,1.4434251916160483,0.045774915851957004,1
31,35,1.430665370108709,17.660155504465862,-0.43194033633824175,0.8852628099116464,0.03916799029683457,1
31,36,1.430665370108709,21.438909416400154,0.6756525521138276,1.040780018254288,0.006938657064647798,1
31,37,1.430665370108709,9.696177897359949,-1.1153284408806377,0.9071899251199713,-0.06430032238679657,0
31,38,1.430665370108709,23.456644322360578,-0.04167552654181617,1.3843410304334194,0.08851389319457695,1
31,39,1.430665370108709,21.42296613434545,0.42478464299664204,1.1517472576520358,-0.07677616406135145,0
31,40,1.430665370108709,12.043315993531916,-0.20376353100127081,2.0676712224974545,-0.06253497319226718,0
32,1,0.9274721727904136,11.430176163181883,0.707414000544023,1.2256240693484706,0.018774048743069177,1
32,2,0.9274721727904136,14.820973334708409,-0.6404558715191946,0.6598110308276841,0.056519874290188954,1
32,3,0.9274721727904136,17.880570163288247,0.9162591131678781,0.9909638804307973,-0.1257461234756805,0
32,4,0.9274721727904136,14.183951627944097,1.3735838377478742,1.5716134819985392,0.012959851715129816,1
32,5,0.9274721727904136,18.238654011168045,-0.5993619960982114,0.5827696381289479,-0.06159589792628627,0
32,6,0.9274721727904136,9.210925212092475,-0.6259566451098216,1.7251775343528288,-0.08281700441749712,0
32,7,0.9274721727904136,21.719272744423098,-1.540408757330386,0.9677962156779826,-0.009414146523255087,0
32,8,0.9274721727904136,21.01357939294599,0.2821996503457501,0.8115319729569622,-0.04176331707920693,0
32,9,0.9274721727904136,19.512622112019418,2.130897869040065,0.7738899582045305,0.0013629790720050576,1
32,10,0.9274721727904136,9.891764484111482,-0.3148767374168518,0.9206281699258754,-0.12971973643837875,0
32,11,0.9274721727904136,19.913141641921165,-0.04608323702023832,0.991248817287553,0.002132199187114811,1
32,12,0.9274721727904136,9.500812592838981,-1.7974356733147057,0.7785332127244313,0.033672360934745446,1
32,13,0.9274721727904136,21.994626185498714,-0.7199883547077675,0.8816731515022193,-0.0906163687492291,0
32,14,0.9274721727904136,8.757403969938933,0.9022587466235515,1.546611188293898,-0.060685966838662675,0
32,15,0.9274721727904136,14.024640194823142,1.1049513848494625,0.7569843680397955,0.024660148093026985,1
32,16,0.9274721727904136,19.22846240171227,0.918704234587448,0.9742475686663723,0.05289849261002058,1
32,17,0.9274721727904136,9.808204222659672,1.2469014522585056,1.2511208696482137,0.021467031603899955,1
32,18,0.9274721727904136,5.469714899555134,-0.23100783062225022,1.5981997817098563,0.050326003615557204,1
32,19,0.9274721727904136,12.40183157335875,-0.42931495743444925,0.9059043370546073,-0.1417322925837039,0
32,20,0.9274721727904136,12.611971850983677,1.9131941083053436,1.0518780045844123,-0.05970295219054209,0
32,21,0.9274721727904136,12.695245623150754,-0.767729408446127,0.7078411882183376,-0.002677612109386475,0
32,22,0.9274721727904136,15.614940064700845,-0.07798835841589828,1.053634096432843,7.5823504628209915e-06,1
32,23,0.9274721727904136,14.605520924761004,-0.08654888294252082,1.1110545635707216,-0.030301191373381588,0
32,24,0.9274721727904136,15.247081399453538,-0.3813378979001686,1.0745238955525218,-0.06881366192697455,0
32,25,0.9274721727904136,10.589924838546015,-0.2185359297058166,0.8928566590621899,-0.025334049143143106,0
32,26,0.9274721727904136,12.684709484460175,-0.21154278243876756,1.0604053310920314,-0.09026054804766122,0
32,27,0.9274721727904136,17.049132180730986,0.2937544177034314,0.6041449923972874,-0.054191305547481965,0
32,28,0.9274721727904136,10.20155817179863,-0.15501692582549922,1.3316905218700041,-0.11339565584603759,0
32,29,0.9274721727904136,9.161621042526725,1.0937231188196253,0.6512147315665469,-0.08782767582388339,0
32,30,0.9274721727904136,14.644677652284232,-0.2683020405796239,0.7155513834183179,-0.01849969028609689,0
32,31,0.9274721727904136,26.105997578319755,-0.1445977233121424,0.6162097695372578,0.02564931479804829,1
32,32,0.9274721727904136,25.79400512505925,0.25729877724863887,0.7994433855466022,-0.053732571293191436,0
32,33,0.9274721727904136,3.057350668828547,-1.5268074588544938,1.0368093193346546,-0.04137303164154068,0
32,34,0.9274721727904136,12.611691685071253,-0.678912121193705,1.4011649051762927,0.06608974637239814,1
32,35,0.9274721727904136,14.117304346846728,0.7043705483935216,1.660391989172115,-0.09866229758358427,0
32,36,0.9274721727904136,14.197531127270686,0.3590270499185948,1.5117271869508773,-0.07014129895806671,0
32,37,0.9274721727904136,14.572188752567268,0.09077242955093318,1.0213131155726825,-0.01567726030058745,0
32,38,0.9274721727904136,11.792155070911598,0.4194387941622846,0.7946228899130754,-0.029293120834656596,0
32,39,0.9274721727904136,13.821149519923082,-1.1166580900395506,0.890457508791067,-0.004486889871519052,0
32,40,0.9274721727904136,9.008579640694819,0.20893939653704058,0.9641135272956981,-0.03338498459533956,0
33,1,0.0038384209380641346,6.747009931409419,-0.6231699382296123,1.151456922862119,0.061888933911974225,1
33,2,0.0038384209380641346,9.252597087261348,0.41013815809185544,0.9533175253673465,0.002623349191408433,1
33,3,0.0038384209380641346,14.796996381304922,1.6502349044470748,1.2007051868012104,0.05830801807999223,1
33,4,0.0038384209380641346,18.049313406985583,-1.2408045117082678,0.6446689342086129,-0.017944539978890277,0
33,5,0.0038384209380641346,26.631637537188446,1.582179079139049,0.8989161189952503,-0.05867192658449423,0
33,6,0.0038384209380641346,11.48412617518186,-0.6133799477514673,0.8442234338455807,0.02321465771748491,1
33,7,0.0038384209380641346,19.766902286588643,0.5277965540795665,0.8649898926249546,0.014447660809009135,1
33,8,0.0038384209380641346,14.578279222145571,-0.9652352636973905,1.0112007413550748,-0.037551965852676256,0
33,9,0.0038384209380641346,13.015562680499295,-0.3181482422193916,1.0322740475034904,-0.07509039802346318,0
33,10,0.0038384209380641346,18.295792200053086,-1.1392779817126006,1.0767098161819582,-0.09425852213270014,0
33,11,0.0038384209380641346,14.179060778917998,1.2684536988447475,0.9566991910848904,-0.027880829060155838,0
33,12,0.0038384209380641346,11.05506241947397,2.061816474665797,1.2017612594095177,-0.02406449689208995,0
33,13,0.0038384209380641346,11.25912718359264,-0.5467976611163116,0.9329650959710654,-0.017787245338869745,0
33,14,0.0038384209380641346,10.019194754050897,-0.3294167762064874,0.7247874969390619,-0.01515625662198114,0
33,15,0.0038384209380641346,9.510226931834854,1.2231181246185516,1.2588792993542148,-0.01832065879441404,0
33,16,0.0038384209380641346,17.167693492073877,-0.7883646611577743,0.748440501156011,-0.06295104596521411,0
33,17,0.0038384209380641346,15.933590568274475,-1.287401021862579,1.543277984318242,0.030510612353793376,1
33,18,0.0038384209380641346,9.33107350731941,0.710626522984719,0.7046209845735105,0.05215427451887432,1
33,19,0.0038384209380641346,7.449326565253941,0.023311257401641982,0.7636864917686242,0.048446237411317705,1
33,20,0.0038384209380641346,19.656757318097007,1.3122989167689507,1.1521196115494872,0.03048926544075603,1
33,21,0.0038384209380641346,13.935117808408277,0.010928022090346696,1.1946412340526331,0.008664721203022073,1
33,22,0.0038384209380641346,14.220805083715335,-1.7244061829779587,0.9730146171390279,0.1364618210042378,1
33,23,0.0038384209380641346,14.061221034191265,1.9691215629239833,1.107321238397462,0.03713070133929733,1
33,24,0.0038384209380641346,14.228006064440136,-0.35373769589540294,1.45926977121563,-0.038568545023984505,0
33,25,0.0038384209380641346,10.336246260621316,0.6402692584361731,1.482587089157029,-0.07738964248886006,0
33,26,0.0038384209380641346,20.671645432513717,0.06147090331428104,0.6706011495717136,0.03255227697371925,1
33,27,0.0038384209380641346,20.275060413585027,-1.2653303628404198,1.4074156067405688,-0.023901754605982557,0
33,28,0.0038384209380641346,15.607855713661756,-1.8060844921998018,0.7772321810309957,-0.04676869277810701,0
33,29,0.0038384209380641346,1.9275072596919562,1.2252963815502056,1.1557361017400618,0.014491071192254044,1
33,30,0.0038384209380641346,15.11452454412984,0.5924284969234112,1.6783059718143778,-0.055238254066189714,0
33,31,0.0038384209380641346,15.12598735089828,1.8621249787493745,0.9719338888607911,-0.03474118438390126,0
33,32,0.0038384209380641346,18.02906683191179,0.17989250118552377,0.7875419147616143,-0.05549252103434811,0
33,33,0.0038384209380641346,17.35790626891811,0.18801407372633233,0.8898442340390792,-0.036998834527418395,0
33,34,0.0038384209380641346,21.01043737196197,-0.3913052706036535,0.7457244335270155,0.029187833912349456,1
33,35,0.0038384209380641346,13.92527975768891,-1.6025650129466622,1.1829242709974723,-0.06784700794597082,0
33,36,0.0038384209380641346,3.152321166858012,0.7323427544770824,0.872633268252921,0.023654956986626435,1
33,37,0.0038384209380641346,24.01009706487915,-0.21504713093070466,0.6158818845887817,-0.024669246077258712,0
33,38,0.0038384209380641346,24.743678455006513,0.03203935456831289,0.8195765617262033,-0.09277073261084773,0
33,39,0.0038384209380641346,17.836249544831773,0.1495183186202512,0.8238630854578654,0.05350039836496598,1
33,40,0.0038384209380641346,6.983209477186295,1.2973592081340437,1.1954623442962664,0.039991355653243375,1
34,1,0.7388083124431415,19.190092821374243,-0.15612058768437476,1.2041231016078,-0.059291555274747484,0
34,2,0.7388083124431415,14.739586709317516,-0.6662674405409008,1.0692590042862562,-0.008115882428317154,0
34,3,0.7388083124431415,8.871643438425458,0.003853573072684063,1.1688224222169232,-0.06493767876230762,0
34,4,0.7388083124431415,18.599823836513277,1.8988759542970068,1.014301077262892,0.034085287094920584,1
34,5,0.7388083124431415,28.205376200574293,0.30875077334429796,1.3108672745644045,-0.008970762747651828,0
34,6,0.7388083124431415,15.751977074594883,0.12855257159182581,0.7467320649878437,0.005554931994251808,1
34,7,0.7388083124431415,14.917472419482992,-0.3006548339825804,1.5743879959667553,-0.06568049864443302,0
34,8,0.7388083124431415,9.561042070632599,-0.29889735733363454,0.6322323243667941,-0.018624947801424263,0
34,9,0.7388083124431415,12.926641918325025,-1.0521116386658564,0.6961262941597249,-0.04143183984825827,0
34,10,0.7388083124431415,24.336939513925863,-0.5422353007890331,1.250138247952031,-0.0352140073750548,0
34,11,0.7388083124431415,13.562624128894011,0.15953656292956586,1.0384153019363709,-0.012082989447702627,0
34,12,0.7388083124431415,12.271185183927594,-1.223647228407064,0.9287723366270968,-0.12768809325194103,0
34,13,0.7388083124431415,12.427717619929894,-0.19235949483558226,1.3644957780284237,-0.005439215022141404,0
34,14,0.7388083124431415,16.64363732852779,-1.1909651105058179,1.6121592347405271,-0.03838919513689745,0
34,15,0.7388083124431415,9.543691503739367,-0.8695974928816097,0.9287904272355441,-0.0582511392235503,0
34,16,0.7388083124431415,17.350898166416467,-0.44596935167044216,1.3000598398895424,0.0633959587872736,1
34,17,0.7388083124431415,10.94969190617487,-0.004919768997634582,1.0775592102252098,0.06723282472929361,1
34,18,0.7388083124431415,18.28583244314345,-0.11031740332313954,0.6345706009200969,-0.0909930969069005,0
34,19,0.7388083124431415,23.59586849751431,1.3738607098802649,1.0421060820416095,-0.05532469746659631,0
34,20,0.7388083124431415,12.40301624472068,1.2512300920448467,1.3292372782621464,0.031908409128966315,1
34,21,0.7388083124431415,16.712269671279728,-0.21647614360351194,0.8663088127740038,-0.05099619229632843,0
34,22,0.7388083124431415,19.341309067857576,-0.1916448452842933,1.5232615056736478,-0.027133095256919027,0
34,23,0.7388083124431415,18.476366047087645,-0.7607808015227526,1.0508877821738147,-0.03832610139630084,0
34,24,0.7388083124431415,17.676031405724355,1.63500908740479,1.342286085309182,0.006770179277565703,1
34,25,0.7388083124431415,21.576961198496686,1.1750621004573365,1.0204812205840188,-0.03462457844419824,0
34,26,0.7388083124431415,2.835132638491513,-0.9876379102414102,1.0208019685219543,-0.013651254093451535,0
34,27,0.7388083124431415,14.271902349023213,-0.0913993674244285,1.1856861488294173,-0.026780375107293967,0
34,28,0.7388083124431415,10.30048557135232,1.3441917621981097,0.6570101942508634,-0.03057613391239037,0
34,29,0.7388083124431415,17.03900815482488,-0.3798533763086259,0.8483754849064794,-0.007950209248820384,0
34,30,0.7388083124431415,21.893836726777277,-0.4528269572196889,1.3682421944669192,-0.04524023735360026,0
34,31,0.7388083124431415,16.359262172081554,0.9979579459663067,1.0250090773378893,-0.07391576226041578,0
34,32,0.7388083124431415,12.293311686732473,-0.5848996926917422,0.8712610971935922,-0.022189884611301242,0
34,33,0.7388083124431415,18.125091383491103,2.1836127222352792,1.0961932891082324,-0.05304830472699088,0
34,34,0.7388083124431415,26.95025633078936,0.3623255220114999,1.741741527447165,0.007288696270499863,1
34,35,0.7388083124431415,13.988957620189803,-0.4362076549472428,0.5596365888969691,-0.025300885282495984,0
34,36,0.7388083124431415,14.303244271458897,-2.769478957397028,1.0093519031724831,-0.05068372711764575,0
34,37,0.7388083124431415,17.400022103596164,0.8192135882294264,0.8932672026905285,0.051917943720418816,1
34,38,0.7388083124431415,14.542802271309291,-1.345164807130893,0.7468971570983327,-0.021794471765765763,0
34,39,0.7388083124431415,19.963977839595128,0.3704728449283115,1.7777349358007721,-0.014290626002144813,0
34,40,0.7388083124431415,9.294171801402742,0.3556857398656398,0.9144227312586993,0.05591396361931039,1
35,1,-0.7121796820565954,12.347077103397403,0.554626581650503,1.3729887335816469,0.040671356075923565,1
35,2,-0.7121796820565954,3.027395251158349,-1.5262627283755492,0.6867264496689174,0.01941937726025779,1
35,3,-0.7121796820565954,15.481683676195962,-0.6758853835287613,0.6484471286329136,0.03249746716897007,1
35,4,-0.7121796820565954,16.21979753706631,0.5339663242048515,0.51417278093803,-0.001935448469924239,0
35,5,-0.7121796820565954,11.415487953659174,0.6063357481880456,1.3120726050335139,-0.007519577899828008,0
35,6,-0.7121796820565954,10.738987532934157,1.5131063324542755,1.9905846111214238,-0.06323355331494938,0
35,7,-0.7121796820565954,16.43494252891901,-0.7137341884444178,1.3488450896982649,-0.04807885259031934,0
35,8,-0.7121796820565954,28.635040075016555,-1.3581790254617114,0.9001440793217195,-0.05044826557149878,0
35,9,-0.7121796820565954,8.59572100413288,-1.593191500948354,0.8246619264653875,0.04332249573369414,1
35,10,-0.7121796820565954,17.369614853295595,0.1219186074911732,1.0460087577099588,-0.04144917640442698,0
35,11,-0.7121796820565954,14.023391583356595,1.0892031364414712,1.093064369600473,0.017334860478258298,1
35,12,-0.7121796820565954,2.392346612886378,-0.4974708247617806,0.6162934181069556,0.020313254640995322,1
35,13,-0.7121796820565954,19.54140371989329,-0.5925281708166505,1.6385103376320693,0.006083008981159155,1
35,14,-0.7121796820565954,15.687542479354141,0.8350288868234399,0.9666248290602638,0.05417119919695519,1
35,15,-0.7121796820565954,11.327543017821538,0.053385838052906864,1.3149034042884196,-0.06342801854931544,0
35,16,-0.7121796820565954,14.47468339571195,-0.25834481770747336,1.8305062710828843,0.07123801112899462,1
35,17,-0.7121796820565954,11.900367941818686,-0.49248835444789935,1.6768018675873584,-0.05764887675425157,0
35,18,-0.7121796820565954,21.909359625899857,0.10412710395742299,0.7392057353468635,-0.0183592015308194,0
35,19,-0.7121796820565954,10.785452596340392,-0.29766148855082775,0.7478665706947383,0.025696125431467157,1
35,20,-0.7121796820565954,6.834874117982071,0.5234041583815721,0.6181859512259243,-0.00907570708492023,0
35,21,-0.7121796820565954,14.756123873367914,-0.7793449943291318,1.437245967568653,-0.06231110464317243,0
35,22,-0.7121796820565954,11.490437830692818,0.24617301170991748,0.6169863220878368,-0.11132462427156732,0
35,23,-0.7121796820565954,23.811185719579175,-0.7933363608697822,1.1630340195034898,-0.024028475650118754,0
35,24,-0.7121796820565954,13.9885577322433,-1.2659672647673488,0.8038011098937113,0.06583717318838285,1
35,25,-0.7121796820565954,21.649363321442486,0.7700331246012797,1.0108218984747288,0.06025071872812345,1
35,26,-0.7121796820565954,14.386571720288245,-0.12527137743373967,0.7993367712097953,-0.10956122788232524,0
35,27,-0.7121796820565954,7.750159993030151,-0.6653838208030505,0.8139606070591435,0.013663311898402888,1
35,28,-0.7121796820565954,26.788780329748114,-1.1346923527165185,1.3247618953988791,0.0007174752495895491,1
35,29,-0.7121796820565954,11.76518474921633,-0.4138839099148977,1.093668254247662,-0.05925538763998674,0
35,30,-0.7121796820565954,12.622436820361774,1.1917956557277543,0.9513599933167826,-0.04746933901744784,0
35,31,-0.7121796820565954,21.542239920778385,0.23738130699760243,1.2375603690475172,-0.039648028762228484,0
35,32,-0.7121796820565954,21.35103910886869,1.0536024202710674,0.6908210173357174,-0.046232913175696035,0
35,33,-0.7121796820565954,18.019549448101447,0.6307317815713057,1.1197016025356017,-0.02945436568537033,0
35,34,-0.7121796820565954,17.634804424897748,1.2220727918146708,0.7707929115126444,-0.0392445798870405,0
35,35,-0.7121796820565954,24.974145860938634,0.18085315446795022,1.0089385454893527,0.035512483632268096,1
35,36,-0.7121796820565954,23.55335281277453,0.8071412853812863,1.0685142482348824,-0.03919071539634468,0
35,37,-0.7121796820565954,19.95004020008013,-1.7026881755593979,1.3265276984880647,-0.04860399240234115,0
35,38,-0.7121796820565954,16.16416501257292,0.3285476290941219,0.7903571296150823,-0.09759506429022506,0
35,39,-0.7121796820565954,4.1428717913412,-1.9996259186950478,0.9557396815196354,-0.01697334338702925,0
35,40,-0.7121796820565954,17.093210179124288,0.914917810718069,0.611497068390706,-0.03083264432526238,0
36,1,-0.7918321531566657,12.883666750068597,2.6970219200022143,0.9970248912101906,-0.06383110446462395,0
36,2,-0.7918321531566657,24.36312440745189,-0.24550941978589885,1.4128016145139397,-0.055639811200716795,0
36,3,-0.7918321531566657,14.59273510214451,1.471004385798227,1.9054157415320192,-0.0022138475876828777,0
36,4,-0.7918321531566657,14.115595863820305,0.8850504684383277,1.0206272904092244,0.025163201903424297,1
36,5,-0.7918321531566657,13.733190791873419,-0.22043000072243857,0.6805757453181688,0.07801369967928352,1
36,6,-0.7918321531566657,18.274552890858153,-0.4704921544370888,1.350551052007246,0.12404213095557606,1
36,7,-0.7918321531566657,13.641836829276011,0.5466000109404276,0.9529830355136832,-0.007662261403182857,0
36,8,-0.7918321531566657,18.70650370660729,0.16715828205506678,1.1308552366707376,-0.07318142915393437,0
36,9,-0.7918321531566657,22.30584429068735,0.1673000265876457,1.241236329047805,-0.0052866787819462035,0
36,10,-0.7918321531566657,16.172371249861396,-0.12779256214273607,1.2087199311721484,-0.04328194512706314,0
36,11,-0.7918321531566657,19.299296468121987,-0.345209644238213,0.6407064369656283,-0.0076465961404611135,0
36,12,-0.7918321531566657,18.904230957047073,-0.9063216836864422,1.1095308415021308,0.02766593522414506,1
36,13,-0.7918321531566657,18.991083922280392,-1.5358931701866354,0.7090683586218631,-0.007944859492363893,0
36,14,-0.7918321531566657,7.785740234763238,-0.09735714910818787,1.275070970575623,0.013311703924792397,1
36,15,-0.7918321531566657,11.603591185095086,0.32514890835509547,1.6597357346075003,-0.0023790805444957545,0
36,16,-0.7918321531566657,17.412897782107347,-1.421183262365309,1.1673069798466713,-0.05647719009398385,0
36,17,-0.7918321531566657,17.726408370020692,-0.7443501945844984,0.5048679543657506,-0.05947587646778096,0
36,18,-0.7918321531566657,16.078869595383438,-1.596965264484017,1.2941244815350308,-0.07237423556327177,0
36,19,-0.7918321531566657,3.1365968847331827,0.7798645083486514,0.8908722619195677,0.040853434951133964,1
36,20,-0.7918321531566657,10.410081059061383,1.0665700176410833,1.3824201204936242,-0.010958296401365225,0
36,21,-0.7918321531566657,5.348349382512013,-0.542543483387086,1.8456198531482868,0.02798801947674979,1
36,22,-0.7918321531566657,23.74290798866774,-0.11212464735095978,1.4546712112900602,-0.035356024970456826,0
36,23,-0.7918321531566657,7.380277085291266,0.3199846702367774,0.8451045997312914,-0.01121758598218231,0
36,24,-0.7918321531566657,15.829899677791898,-0.24982040518827708,0.6528195463617691,0.0142398149200605,1
36,25,-0.7918321531566657,19.30801053222136,0.5405873846637658,1.0228312184148065,-0.006335658750769048,0
36,26,-0.7918321531566657,10.714523735347575,1.7906529162108629,0.7863947484725852,-0.04253361618279164,0
36,27,-0.7918321531566657,8.704328475865417,1.004151198823193,1.6498545963657851,-0.04342149245541243,0
36,28,-0.7918321531566657,14.35875679408474,0.8083043579051074,1.346934997228792,0.016035681877295854,1
36,29,-0.7918321531566657,4.076338089128521,1.8398795105104815,0.7926420584504424,-0.08983825868217293,0
36,30,-0.7918321531566657,14.507279804865739,-1.2688725403090124,1.338297691552847,0.030454156992486974,1
36,31,-0.7918321531566657,11.735319599721628,0.34741635567108325,0.8460581061395136,0.018033086544663877,1
36,32,-0.7918321531566657,16.987477842506095,-1.6517934327154096,1.3795807643526092,-0.00998609616186161,0
36,33,-0.7918321531566657,4.901033786736062,1.7437569537242805,0.8908341462284228,0.05669402766532989,1
36,34,-0.7918321531566657,18.255223984837397,0.7348737656691315,1.3125800755285537,-0.009463368238718484,0
36,35,-0.7918321531566657,19.96461434827916,-0.07543815529424376,0.802178264179037,0.04381292204007145,1
36,36,-0.7918321531566657,10.671811135654291,-0.4549239598905978,0.617025787543933,0.032345506967668504,1
36,37,-0.7918321531566657,16.898595640593268,-0.565990070317425,0.6757799718931214,-0.019289329618427883,0
36,38,-0.7918321531566657,14.754192927076009,-0.2769710726749443,0.8813322683942804,-0.04364354223768343,0
36,39,-0.7918321531566657,22.967215802516336,-1.576495018228452,0.9831381968554235,-0.007880855736213005,0
36,40,-0.7918321531566657,18.827989076074953,-0.5002314499283347,0.6045321287997759,-0.019169649616394044,0
37,1,-0.5348376807205318,14.643116929728942,-0.5218951274934056,0.9726732153834357,-0.034506750873531486,0
37,2,-0.5348376807205318,6.419508370668926,-0.8559077951376929,1.267336429204068,-0.008461252194763867,0
37,3,-0.5348376807205318,8.28907423015111,-0.5383161276926341,1.3063975058025212,-0.04136848552072371,0
37,4,-0.5348376807205318,12.675282373186162,-0.26450657054842647,0.8526690888485239,0.09184498859188403,1
37,5,-0.5348376807205318,10.8202446317305,0.23255368628621761,0.6175253691658267,-0.006295691641412025,0
37,6,-0.5348376807205318,11.691623021887075,0.8142408173767705,2.1518153417433767,0.06836519811893761,1
37,7,-0.5348376807205318,20.7057091351253,-0.39640423995309243,0.6335323501698616,0.024504225434268098,1
37,8,-0.5348376807205318,15.953436843763258,-1.9775025856230544,1.0074309198070421,0.07648829748034723,1
37,9,-0.5348376807205318,20.10647540231954,-0.2172624111688193,1.6336012430996432,0.003889362070465698,1
37,10,-0.5348376807205318,15.115282770737444,-0.7890313248841372,0.893739744044275,-0.06513020373269808,0
37,11,-0.5348376807205318,14.384987845030244,-0.011261028394724433,1.0085483444014274,0.016871984477934022,1
37,12,-0.5348376807205318,11.592046949556106,-1.47239101679658,0.8693666277927721,0.047092658110681765,1
37,13,-0.5348376807205318,9.055462206980717,-0.8307407306715606,1.0145843717261047,-0.07615987294814047,0
37,14,-0.5348376807205318,15.763474587366343,-0.8658559021108398,1.1785556262167538,0.010528642801899815,1
37,15,-0.5348376807205318,22.053665153364015,0.3000225893230967,1.0763190346241729,0.08578545647722943,1
37,16,-0.5348376807205318,14.690013200751984,-0.822114022204232,0.7466395248570533,0.03205020527719098,1
37,17,-0.5348376807205318,18.756182178372818,-0.8370621772800179,1.2896102834220269,0.06411059363740967,1
37,18,-0.5348376807205318,10.076945662481455,-0.3502569220334808,1.4597533595120167,-0.011888763680012968,0
37,19,-0.5348376807205318,13.381149198996656,0.24821394542356173,0.6435796245839908,-0.049634401312895225,0
37,20,-0.5348376807205318,14.906010524155505,-0.8010041755196322,0.7030138490010956,0.006774236455545819,1
37,21,-0.5348376807205318,16.147608887753147,-1.5699473622515776,1.0139691244055733,-0.009604295890234038,0
37,22,-0.5348376807205318,14.806403746153395,-1.005777891889965,1.0990659453511045,0.03794061582405696,1
37,23,-0.5348376807205318,14.904571100266033,-0.07975752472585884,1.4109796791734124,0.00017036186195164196,1
37,24,-0.5348376807205318,13.89124331008868,0.22052420272652218,1.1250062793094038,-0.03385465473271442,0
37,25,-0.5348376807205318,17.531284526399688,1.3923180901011294,0.8662078268455533,0.028409514606459907,1
37,26,-0.5348376807205318,17.04136308731533,-1.2800142097791594,1.5164051245422765,0.029154851443371734,1
37,27,-0.5348376807205318,13.046852497788704,-0.8409099295969399,1.0444173864806008,-0.10882660191540093,0
37,28,-0.5348376807205318,10.860081218302534,0.7828010681782169,1.3019097856957482,-0.07206434938906654,0
37,29,-0.5348376807205318,11.19255173864364,-0.8608365130494162,0.7909722431642646,0.028200419042360148,1
37,30,-0.5348376807205318,23.51447090489913,0.30249298586605883,1.1392721244925854,0.05223062391032666,1
37,31,-0.5348376807205318,16.657525416071845,0.6553900205116279,1.2284140146621123,-0.03701140193230855,0
37,32,-0.5348376807205318,19.609890898882412,-0.23514416508296082,2.1471589550523116,-0.11619553658320092,0
37,33,-0.5348376807205318,19.122366628844745,0.6206472773163302,0.799105091947257,-0.10034332696463136,0
37,34,-0.5348376807205318,15.477806455580344,1.6079311312402451,1.2321530818808257,0.005443147167935621,1
37,35,-0.5348376807205318,16.724194442230623,0.6637666816302966,1.3197496177977195,-0.049239964118238444,0
37,36,-0.5348376807205318,17.09213038697882,0.6172278373812757,1.1995990924190947,0.0551087032549463,1
37,37,-0.5348376807205318,7.475242345655615,1.3372051469192814,0.8992668482074095,-0.00944140757568895,0
37,38,-0.5348376807205318,17.154370538217844,1.2680153924400217,0.9566383301939054,-0.03512117502147434,0
37,39,-0.5348376807205318,11.62571033766587,1.5069559734860203,1.0682226243047839,-0.02397492234237748,0
37,40,-0.5348376807205318,11.329463538893963,-0.5266015481904275,1.1698624664134745,-0.07082912155346704,0
38,1,0.08805856619121646,16.44236684418916,-0.2644912765025867,1.5840909589184422,-0.025850777170978854,0
38,2,0.08805856619121646,28.929624064172863,-0.6553842492844382,1.234492644317665,-0.00736122308665081,0
38,3,0.08805856619121646,6.562662936763778,-0.3549945167737199,0.7123685969848244,-0.10180069476828167,0
38,4,0.08805856619121646,4.820681081515152,-1.314432955105674,0.5938624469716566,0.019042221203233616,1
38,5,0.08805856619121646,15.516090503363426,-1.1033037440760056,1.0195179608801772,0.00567937984208032,1
38,6,0.08805856619121646,5.0148368856996886,-0.21799492608482043,1.0039476485157752,-0.033970168665326025,0
38,7,0.08805856619121646,14.283917940304184,-1.67571334609848,1.2244825134694064,-0.11297531349684278,0
38,8,0.08805856619121646,4.568433749650527,-0.6710758950469321,1.0032147291527431,-0.02326795680049333,0
38,9,0.08805856619121646,17.24837961165605,-1.196448832976796,0.7352634099560592,-0.03612376070433162,0
38,10,0.08805856619121646,14.705550719436738,0.8598953417249608,0.8207348075402766,-0.023082012860531676,0
38,11,0.08805856619121646,10.363716725242393,1.0425810383649716,0.8833893482047765,0.004072473981650761,1
38,12,0.08805856619121646,21.07670528868326,0.44778101396658143,0.7083794908923408,0.04825553281426724,1
38,13,0.08805856619121646,15.950078511356082,0.6754773576289851,0.8114733540010679,-0.07520783975778399,0
38,14,0.08805856619121646,18.14338966909709,1.3549104981956956,1.0036643730881005,-0.0711986571258804,0
38,15,0.08805856619121646,9.131222890057547,0.7815887860572115,0.8483468648855226,0.028335259459770605,1
38,16,0.08805856619121646,16.864839387962817,0.4704951059745862,1.103057786009613,0.02949524318059659,1
38,17,0.08805856619121646,9.29437580936627,-1.5539360175501025,1.1744586564516735,-0.027458177309165915,0
38,18,0.08805856619121646,26.87546675448368,-1.7197342816463907,1.165545045133145,-0.05820599845148573,0
38,19,0.08805856619121646,19.62616581874288,-0.03735759693624927,1.0318642129698146,0.033656745877682984,1
38,20,0.08805856619121646,15.916909397417136,0.9550071298747826,0.8453364535327326,0.0012077302549511615,1
38,21,0.08805856619121646,20.459585616869713,0.1444331883467156,0.7128516344282082,-0.040413198577452805,0
38,22,0.08805856619121646,15.796280349887162,0.19102951251942302,1.2985693892659154,-0.0487985907490021,0
38,23,0.08805856619121646,14.107464793211607,-1.2331549937288055,1.0837148834741,-0.021200344530943525,0
38,24,0.08805856619121646,15.766296320633188,-0.6749043983568269,1.2730716898313923,0.01661606276376116,1
38,25,0.08805856619121646,6.022254849876962,1.409455373536575,0.8067742384958404,0.08246731457130634,1
38,26,0.08805856619121646,12.788269344968356,-0.36499583959637194,1.013070347998364,0.0031861800973546385,1
38,27,0.08805856619121646,16.12592845005729,-0.30399274699837125,0.6320141628539162,-0.01849794972509808,0
38,28,0.08805856619121646,11.332989603662758,-0.8946254033158183,1.0705291300823834,-0.051834630569085056,0
38,29,0.08805856619121646,25.46177808051678,1.6145706554532493,0.7421450882615958,-0.014951645344802146,0
38,30,0.08805856619121646,13.193053571421949,-0.9368685201793016,0.7281549206871283,-0.06623428711469456,0
38,31,0.08805856619121646,16.26105563227807,0.7380203741484554,0.9706209782957567,0.05307684895070206,1
38,32,0.08805856619121646,24.939384182398328,-1.4544099730231186,0.8726727434225936,-0.06749249958030629,0
38,33,0.08805856619121646,18.975671900794858,-1.9660939538478295,0.9252193853417731,-0.028152914933595875,0
38,34,0.08805856619121646,25.74160857330043,0.13382653422159074,0.8111118282280143,0.01762222900719969,1
38,35,0.08805856619121646,15.805254322690464,-0.4749065591916562,1.2254896181419073,0.03956629831718711,1
38,36,0.08805856619121646,7.439822584859738,1.0817632341557493,1.2135853507949257,-0.03397652315716173,0
38,37,0.08805856619121646,2.5887787581327903,0.6410914339516742,1.10712053483773,0.09410661357990385,1
38,38,0.08805856619121646,8.75417420953642,1.2116199407926538,1.1289828955190682,-0.13626733025145712,0
38,39,0.08805856619121646,16.076286158241142,-0.08889720895821102,0.8845028097788876,-0.07643820959024931,0
38,40,0.08805856619121646,19.681615336441183,-0.14801564741443646,1.8198017565638984,-0.044615983726249184,0
39,1,1.1274435948600596,19.992735743000534,-0.16136275122418908,1.449160729816604,0.012687629461085006,1
39,2,1.1274435948600596,8.32929561297762,2.2453236428500647,0.962339015584253,-0.008110040996343246,0
39,3,1.1274435948600596,11.596065665043003,-0.4684568356301499,1.117856817569144,0.020704646584480787,1
39,4,1.1274435948600596,17.243833810802943,1.2386671028838216,0.6381360988919199,-0.030776448254617245,0
39,5,1.1274435948600596,3.8813089490010233,-1.7803344942255885,0.7309243808402075,0.009442953704733324,1
39,6,1.1274435948600596,10.444784856801512,-2.1261546404630502,1.258240694159023,0.007313779983023405,1
39,7,1.1274435948600596,16.090547014960574,-0.055726168321062815,1.6631500432658577,0.016293860793515236,1
39,8,1.1274435948600596,15.815303402082314,-0.8998526299314054,1.5366131681368014,0.015157365410566864,1
39,9,1.1274435948600596,19.619364623402983,-2.2113667039705844,0.9025856943846736,0.047320036461279344,1
39,10,1.1274435948600596,15.444252557142645,1.8704249345060813,1.041131033837085,-0.049016242567945276,0
39,11,1.1274435948600596,13.327436023787913,1.2082256125857787,0.7659737416134441,0.0030371736188165716,1
39,12,1.1274435948600596,10.403859089894482,1.100389044160197,0.8968491762639692,-0.10790043995568932,0
39,13,1.1274435948600596,16.455197496663118,0.19618833682714315,1.5073299070336703,-0.07108962479098277,0
39,14,1.1274435948600596,13.486158850516786,0.8430645880123707,0.97715331612844,0.08315674933511591,1
39,15,1.1274435948600596,18.768147003000287,-0.7830346508914734,0.8003822935429279,0.01924344165666389,1
39,16,1.1274435948600596,8.115368366806656,0.3054434755979039,0.9359945831586335,0.01859296098373931,1
39,17,1.1274435948600596,23.88907659277871,0.34347758003503914,0.6852879458223504,-0.0041762844889556075,0
39,18,1.1274435948600596,11.375611915799922,1.415136076631978,1.4667292926345097,-0.01999661700825328,0
39,19,1.1274435948600596,12.905058614344153,0.7004051003038466,1.3542225667058672,-0.05145389027708217,0
39,20,1.1274435948600596,18.527090325339373,-0.7451532679214582,1.4285212487728334,-0.003487255874909414,0
39,21,1.1274435948600596,18.17742853343741,-0.8078870756781418,0.5469794082047493,0.006531577553787242,1
39,22,1.1274435948600596,17.644522117269336,1.6775098687899237,0.9464355896240386,-0.12933698507696356,0
39,23,1.1274435948600596,11.903339872582704,-0.8233645141798717,0.956268334301815,-0.08472937201611971,0
39,24,1.1274435948600596,4.139342573238968,-0.9268128886266116,1.9251217012920958,-0.0009159481900098861,0
39,25,1.1274435948600596,14.054666641446275,0.2770563588760159,0.6818387099431441,-0.06935298841303898,0
39,26,1.1274435948600596,18.46929293557621,-1.6056986516028975,1.0960122653097266,-0.04085726197702865,0
39,27,1.1274435948600596,17.132913668672778,-1.4696208301412563,0.9286682984196211,0.05840289466548665,1
39,28,1.1274435948600596,19.70003274882669,0.739230144776884,1.2006852259847132,0.05160051104699976,1
39,29,1.1274435948600596,13.085341413226026,0.5765242433152479,0.8575217169078196,-0.027975014691521756,0
39,30,1.1274435948600596,10.981960836049856,0.45562607204972566,0.7616139105709157,-0.06114057074213612,0
39,31,1.1274435948600596,8.918919021533995,2.3658567305659477,1.107172929927427,0.04960812799081592,1
39,32,1.1274435948600596,17.826600935543766,0.7928725072799201,1.152490995198508,0.07224000400166966,1
39,33,1.1274435948600596,16.069103366814595,1.145597265187557,0.8874191360614766,-0.04991192879665526,0
39,34,1.1274435948600596,14.688470243671206,-1.1132103625240979,1.2578531998492444,0.013591129316834004,1
39,35,1.1274435948600596,14.577435771982318,-0.291878811780282,1.2787922062517463,-0.05380170949719929,0
39,36,1.1274435948600596,13.542624626882741,-0.9772510372595308,1.2492916804426575,-0.061764253354067405,0
39,37,1.1274435948600596,12.917258609362216,0.2881999635765547,1.0316464124729428,0.00817240916850194,1
39,38,1.1274435948600596,18.284817849815706,0.4387588639773484,1.3456913136031872,0.004880149550750685,1
39,39,1.1274435948600596,11.077379744242716,-0.44031035850956723,1.5546763345836427,-0.021656514211472973,0
39,40,1.1274435948600596,22.581741496275143,-0.028773179913940978,0.7075693442174595,-0.059729116316435876,0
40,1,1.4979491414591342,22.565292391101696,0.6887487625771935,0.8985700043522216,-0.12592003545439232,0
40,2,1.4979491414591342,23.597056535065036,0.3418291431774306,0.9921846118587503,0.12214033054898454,1
40,3,1.4979491414591342,21.177648424824213,0.674953639734585,0.9235507149407437,-0.01868171077792016,0
40,4,1.4979491414591342,12.082721510631217,-0.10781879409530983,0.9969012113892881,0.01447417591783371,1
40,5,1.4979491414591342,19.69119762586711,-0.7097953734157955,0.8837131802622238,0.053710629817591886,1
40,6,1.4979491414591342,14.469232723493779,-1.0017073513334585,0.5389400612526302,-0.05644082558793835,0
40,7,1.4979491414591342,15.587293909228109,-0.8810425286853835,0.7907149246907886,-0.03952196316359545,0
40,8,1.4979491414591342,17.321545213845496,0.6062615170494695,0.5037290012716173,-0.04352652257311214,0
40,9,1.4979491414591342,13.888222547729162,0.491946588225984,1.6830359629435656,-0.12380482334933549,0
40,10,1.4979491414591342,14.994245455998923,-0.27365727137878637,0.8828811054883428,-0.07895270659971054,0
40,11,1.4979491414591342,18.694828503383018,0.11820728221518496,0.6756871814624861,-0.0036954220529232945,0
40,12,1.4979491414591342,19.746832258053956,-1.5566147600976992,0.4914270809806586,-0.04222899357203683,0
40,13,1.4979491414591342,18.94979059043067,0.1104065389285537,1.315023658778827,0.00024736089457966237,1
40,14,1.4979491414591342,27.68154169441615,0.316804288758933,1.0952425881957324,-0.03479170778874135,0
40,15,1.4979491414591342,25.646449333364952,-0.977945190965596,0.5463001167073015,0.011132560116785352,1
40,16,1.4979491414591342,15.503573395014724,0.4611127620263364,0.8644120218924214,-0.03890398910946424,0
40,17,1.4979491414591342,15.692367163414678,-1.0313280250894141,1.0086967240503906,-0.028307946529778513,0
40,18,1.4979491414591342,17.15693115568754,0.5757052040316951,0.949486767946295,0.04853697698954035,1
40,19,1.4979491414591342,18.24982970277862,0.08434826809841232,1.0482922154777599,-0.02686065907113508,0
40,20,1.4979491414591342,23.100452879417325,0.8860171854685442,1.1089825334180226,0.08557086303674664,1
40,21,1.4979491414591342,11.582343055331235,0.8565803410816414,0.9958426881023241,-0.08946450319440663,0
40,22,1.4979491414591342,11.995222311974672,1.4877775267889666,0.6518312981900606,-0.055414800073651634,0
40,23,1.4979491414591342,14.469763838381798,-0.39988779914970785,1.4241132874610662,-0.04777759924510987,0
40,24,1.4979491414591342,30.178797221821668,0.8568010233047337,0.9938648165227956,-0.031339389443302536,0
40,25,1.4979491414591342,21.695198193299625,-0.29311302255198596,0.8968681381044449,0.06419542746388375,1
40,26,1.4979491414591342,7.084000141656595,0.06925280484825481,1.0044411842921617,0.034678403964707144,1
40,27,1.4979491414591342,15.646773819606246,-0.09466942547694356,1.1044490314610944,-0.008764895111190243,0
40,28,1.4979491414591342,5.850326951681718,-0.865920400521558,0.6765815554176425,-0.009156872192426332,0
40,29,1.4979491414591342,17.201797949346957,0.20432486197839778,0.9023228404454733,-0.08688542294511818,0
40,30,1.4979491414591342,14.098363326133665,1.2192732028743494,0.9759641336291472,-0.004338666042999798,0
40,31,1.4979491414591342,21.715336251732083,-0.26781095466381705,1.105224334110768,0.0601169231672032,1
40,32,1.4979491414591342,21.777868762353872,1.1044981073946363,1.7188817208739526,-0.05577304487220705,0
40,33,1.4979491414591342,23.649661346792698,-2.611836820662461,0.9592218480014604,-0.07916498410957143,0
40,34,1.4979491414591342,16.927452012114045,1.6375470816221644,1.0970323252000225,-0.00716014485977557,0
40,35,1.4979491414591342,18.47769682539591,-1.149003565837404,1.1159628976951004,0.022802428970960915,1
40,36,1.4979491414591342,21.110298704645565,0.46610004996179377,0.874887748056058,0.06354978000695363,1
40,37,1.4979491414591342,18.497093305100034,1.4435785590465424,1.1005775848101922,0.05282508079509841,1
40,38,1.4979491414591342,11.229414112961637,-1.450861806847042,0.8362540384536058,-0.051141721052236404,0
40,39,1.4979491414591342,10.633495604307308,0.38818273631654826,1.7527767295789187,0.09454785708802303,1
40,40,1.4979491414591342,17.822869277814448,1.3666615375790718,1.549161505206876,-0.06872355832511812,0
41,1,1.0234464575082443,7.008444052675925,0.12553905523024217,1.0317635755298016,-0.046328586564158905,0
41,2,1.0234464575082443,23.566213290258045,-0.09944079677581014,0.9780970877466941,-0.004441695268027394,0
41,3,1.0234464575082443,10.570618815679184,0.03935122444321401,0.9117471657287766,-0.06924432899217021,0
41,4,1.0234464575082443,21.273954668840226,0.2650855811461223,1.1487053386560628,0.012768552013217069,1
41,5,1.0234464575082443,14.14430143014271,0.5701085469379223,0.574575328272003,0.0772224296473385,1
41,6,1.0234464575082443,7.497106816379001,0.5703412124782118,0.9117365303258952,-0.0018059008272365666,0
41,7,1.0234464575082443,16.427940851244223,-0.6139517488742561,0.897414080280727,-0.1464021720515741,0
41,8,1.0234464575082443,13.554179456615147,-0.4118181214113024,1.0097823789433664,-0.023213749676409007,0
41,9,1.0234464575082443,8.475631537946443,0.9258833233860914,1.0201378376210715,0.015440421459357562,1
41,10,1.0234464575082443,20.52625624829233,1.4687312020087526,0.8059913992238852,-0.006316673253611428,0
41,11,1.0234464575082443,15.655980676981434,-0.06879577747239496,1.1807682160202078,-0.03725647246300523,0
41,12,1.0234464575082443,14.74496250577598,-0.29039917885479505,1.6072651364631299,-0.019577488228595216,0
41,13,1.0234464575082443,23.729802217456918,0.49328672516176647,1.1224179604217015,-0.0783746955956074,0
41,14,1.0234464575082443,7.650919287909778,1.0174318560397215,1.0669538215919594,-0.003931307548974305,0
41,15,1.0234464575082443,22.82536328047783,0.19515650809350282,1.0625328807435863,-0.03203909882903608,0
41,16,1.0234464575082443,18.681970138860887,0.16476548976555297,1.1116952621205187,-0.049024649887494054,0
41,17,1.0234464575082443,17.093795493591628,0.9458664906338614,0.7167493425296133,0.08567102703533513,1
41,18,1.0234464575082443,2.3112645421798117,0.5232065769805466,0.7926608834361101,-0.03931125139872038,0
41,19,1.0234464575082443,17.625443532823798,1.108312807341482,1.0140403520323984,0.03679942574825902,1
41,20,1.0234464575082443,13.408967854840135,0.12849985959481078,1.2166623951767015,0.01748571011028931,1
41,21,1.0234464575082443,23.184917661679556,-0.1742861638935052,1.139032950942263,0.043810194835324376,1
41,22,1.0234464575082443,14.695889974685596,-0.25404551849776585,1.0237311332142474,-0.1537855363891583,0
41,23,1.0234464575082443,7.840439172565409,-1.1690033296468842,0.4222332261706535,-0.030928383688894067,0
41,24,1.0234464575082443,12.257339329757366,0.5828413613258326,1.1386778774655626,-0.07781731588071368,0
41,25,1.0234464575082443,12.733581091530331,-0.48784127599537414,1.1071563603242442,-0.016065628775653082,0
41,26,1.0234464575082443,16.86801663000258,1.5416301076718928,1.4579615935768229,-0.003051309024449567,0
41,27,1.0234464575082443,13.48801864884856,-0.8795434325301081,1.5775219263282,-0.05402838191582735,0
41,28,1.0234464575082443,20.66974670606867,0.018992230643020212,0.7657214535095205,0.07726689473663828,1
41,29,1.0234464575082443,18.82607214909687,-0.7923989998193884,0.9994044110966717,0.02203265730284842,1
41,30,1.0234464575082443,12.174673177673643,-0.027690214687223717,0.7675604664372656,-0.045013284562359146,0
41,31,1.0234464575082443,24.65304002921797,-1.0109468123067942,0.771149274452291,0.09451079153824742,1
41,32,1.0234464575082443,16.411140911346237,-1.0262481542748398,1.2691318243740919,-0.05297510136296914,0
41,33,1.0234464575082443,10.007925535471328,-0.11530205867726488,1.040415485092132,-0.03738657830288947,0
41,34,1.0234464575082443,12.100325292203118,0.6001045741168906,1.3098422954278228,0.048359268699283975,1
41,35,1.0234464575082443,22.023363558410473,1.611532051618779,0.6875178419283411,-0.04522465860017494,0
41,36,1.0234464575082443,21.604516218133032,1.4774029891008127,0.9686653245916713,-0.007804755884928391,0
41,37,1.0234464575082443,19.550071241936664,-1.2301638712530187,0.8561788078790311,-0.01643052999688331,0
41,38,1.0234464575082443,10.25961500455486,-0.31115676006908227,0.6847598428627922,0.05989576152359875,1
41,39,1.0234464575082443,11.307090535664308,2.0300205615405695,0.5738681954979808,-0.07274328257497416,0
41,40,1.0234464575082443,12.658215056359305,-0.5215362852209637,1.349215952347896,-0.037210046319276435,0
42,1,1.255633700740081,22.918677044982818,-0.26367397456045344,0.7581278650015363,0.022263312762499037,1
42,2,1.255633700740081,14.997252121780626,-0.5277612853116982,0.7439326423313596,-0.03767779826118689,0
42,3,1.255633700740081,18.440704230935,0.5616268828959935,1.1272431155208207,-0.018836779834598985,0
42,4,1.255633700740081,7.312500775671812,0.9831660925081456,1.0754095335855003,0.023054945922888634,1
42,5,1.255633700740081,3.324693789419324,0.15849747304498132,1.016709333617424,-0.02909220339745521,0
42,6,1.255633700740081,14.646980184365098,-0.6666612077970784,0.7329087731835647,-0.04639074384799369,0
42,7,1.255633700740081,17.6444668270611,0.8741446368989071,1.866725199245299,-0.0674944010801059,0
42,8,1.255633700740081,15.816353435110122,0.1937028542685956,1.3453256250070074,0.02072712880949464,1
42,9,1.255633700740081,16.9839227303156,-1.2987258298718762,1.74179795377601,0.006379625721879809,1
42,10,1.255633700740081,14.073728999082876,-0.8947850311532936,0.6431134867494667,-0.034667824930921576,0
42,11,1.255633700740081,16.089195980547927,1.27337993255674,0.9293618849775186,-0.010571566212666243,0
42,12,1.255633700740081,17.228742162792777,1.4375268493082811,0.7426777756724456,-0.07005048043085324,0
42,13,1.255633700740081,13.239355376621301,-0.005234770758253735,0.7064714422221668,0.02486666534283531,1
42,14,1.255633700740081,8.596926951298459,0.8098749919493864,1.1548901100664062,-0.040893176735908913,0
42,15,1.255633700740081,13.527284274623998,0.9641776631296415,1.189297521021937,-0.003700073674461195,0
42,16,1.255633700740081,21.436493461274694,-0.3276288731737484,1.133780499740787,-0.0015592293012823832,0
42,17,1.255633700740081,3.193827919382437,-0.267765088482963,1.9069042219347416,0.010159799980836194,1
42,18,1.255633700740081,11.787711555526885,0.481506956582194,1.5066441806647466,0.11540361084055403,1
42,19,1.255633700740081,14.986927910666951,0.739450021670315,0.7462759036581446,0.009315482196910209,1
42,20,1.255633700740081,7.800813245155432,-0.9519585071198289,1.135366837227658,-0.10357154249325451,0
42,21,1.255633700740081,22.96192268400905,-0.25578242143773067,1.1366648401143238,-0.010497840067812961,0
42,22,1.255633700740081,14.071755203606585,0.7506450737907795,1.2739609315854517,0.01938138922779535,1
42,23,1.255633700740081,16.58674574656801,1.5378131417199403,1.2916554573985228,-0.08874811489362507,0
42,24,1.255633700740081,11.05578934091267,-0.24307507785871177,1.665821978612575,-0.052643996992433696,0
42,25,1.255633700740081,11.946421215932734,-0.721760924281109,1.3917031053006246,-0.017447338345284592,0
42,26,1.255633700740081,14.411886768774758,-0.49862211344232144,1.5548150705828963,0.004230674876853278,1
42,27,1.255633700740081,12.613387059737162,-0.41179495622207557,1.1171494750632238,-0.06093401169028894,0
42,28,1.255633700740081,12.23104126159546,-0.11188392177915114,0.6124533586208504,-0.012838496118442875,0
42,29,1.255633700740081,10.383251602894653,-1.3174128948901052,1.3372828151837581,-0.014202644288261235,0
42,30,1.255633700740081,17.970218300521687,0.7933813777431338,0.7782982279157322,0.03093290338469175,1
42,31,1.255633700740081,7.572921476437157,-2.116981493090498,0.8258034147929821,0.038546524080701416,1
42,32,1.255633700740081,20.83156305548768,-1.6497255391135868,0.8693379100653638,-0.02442129216853386,0
42,33,1.255633700740081,16.848029543064502,-0.6063742277970335,0.9085081738694485,0.04339693459652012,1
42,34,1.255633700740081,13.814876267944486,0.5928249266749039,1.1007375587481754,-0.04355047621100638,0
42,35,1.255633700740081,17.96171522353319,-0.776725360500658,1.3910405729994402,-0.051228247707412314,0
42,36,1.255633700740081,8.342377241140623,0.3644765698046888,1.337401416692826,-0.01972971304649963,0
42,37,1.255633700740081,14.096949197801225,0.06422683135940854,1.2635289028552061,-0.07180735123990767,0
42,38,1.255633700740081,9.458436479886652,-1.7041901775017168,0.9840525658726701,-0.038583731288885204,0
42,39,1.255633700740081,14.625066726928907,1.2373217677303883,1.5368575489372307,-0.002227831595122484,0
42,40,1.255633700740081,11.750698167881104,-0.15586469957627805,0.9592691639804788,0.03520365643906508,1
